name,description,price,category,image_url,stock_quantity,is_available
Cocina de Pie Mabe CMP6014AG0 4 Quemadores Grafito,No aplica para retiro en tienda. Sólo delivery.Número de quemadores: 4Tipo de cocina: GasCapacidad del horno: 79 litros,679.0,Electrohogar,https://www.metro.pe/cocina-de-pie-mabe-cmp6014ag0-4-quemadores-grafito/p,22,True
Refrigerador Indurama 177L RI-289D Autofrost Croma,No aplica para retiro en tienda. Sólo delivery.Capacidad: 177 litrosTipo: Top FreezerSistema de Frío: AutofrostCon dispensador de agua,899.0,Electrohogar,https://www.metro.pe/refrigerador-indurama-177l-ri-289d-autofrost-croma-2/p,40,True
Refrigeradora Hisense Top Mount 205L RD267H Defrost,No aplica para retiro en tienda. Sólo delivery.Dispensador de aguaIluminación LEDBandejas ajustables,0.0,Electrohogar,https://www.metro.pe/refrigeradora-hisense-top-mount-205l-rd267h-defrost-1019485/p,25,True
Lavadora Hisense Carga Superior 10KG WT3J1023UT,"No aplica para retiro en tienda. Sólo delivery.Limpieza BurbujaCierre suave, seguro y silenciosoControl inteligente del agua",699.0,Electrohogar,https://www.metro.pe/lavadora-hisense-carga-superior-10kg-wt3j1023ut-1019495/p,37,True
Refrigeradora Indurama Ri-359I No Frost 2 Puertas,No aplica para retiro en tienda. Sólo delivery.Cantidad de Puertas: 2No FrostEstilo de Motor: Compresor InverterCapacidad: 203,1099.0,Electrohogar,https://www.metro.pe/refrigeradora-indurama-ri-359i-no-frost-2-puertas-1024440/p,4,True
Refrigeradora Indurama RI-788DI de 508 Litros,No aplica para retiro en tienda. Sólo delivery.Capacidad Neta 508 LitrosColor CromaNo frost,2199.0,Electrohogar,https://www.metro.pe/refrigeradora-indurama-ri-788di-de-508-litros-1018779/p,41,True
Refrigeradora Samsung TMF 341L RT35DG5720S9/PE,No aplica para retiro en tienda. Sólo delivery.All Around CoolingWiFi / SmartThingsPower Cool,1599.0,Electrohogar,https://www.metro.pe/ref-rt35dg5720s9pe-tmf-341l-silver-c-d/p,32,True
Refrigeradora Top Freezer LG GT24BPP 241L Door Cooling Plateada,No aplica para retiro en tienda. Sólo delivery.Capacidad: 241 litrosTipo: Top FreezerSistema de Frío: Door Cooling | Multi Air Flow,1399.0,Electrohogar,https://www.metro.pe/refrigeradora-top-freezer-lg-gt24bpp-241l-door-cooling-plateada-2/p,29,True
Lavadora Carga Superior LG WT13WPBK 13kg Smart Motion Blanco,No aplica para retiro en tienda. Sólo delivery.Sistema de lavado TurboDrum LG.Tecnología Smart Inverter LGFunción Auto Pre Lavado para quitar las manchas más difíciles.,1199.0,Electrohogar,https://www.metro.pe/lavadora-carga-superior-lg-wt13wpbk-13kg-smart-motion-blanco-1005680/p,7,True
Oster Licuadora Osterizer 250-22 600W,No aplica para retiro en tienda. Sólo delivery.Capacidad de jarra: 1.25 LtPotencia de 600 wattsCuchilla de acero inoxidable,249.0,Electrohogar,https://www.metro.pe/oster-licuadora-osterizer-250-22-600w/p,16,True
Refrigeradora Top Freezer LG GT37SGP 374L Door Cooling Plateado,No aplica para retiro en tienda. Sólo delivery.Door CoolingHygiene FreshThinQ Conectividad Wi-Fi,1799.0,Electrohogar,https://www.metro.pe/refrigeradora-top-freezer-lg-gt37sgp-374l-door-cooling-plateado-957796/p,25,True
Refrigerador Side by Side LG LS51BPP 509L Multi Air Flow Plateada,No aplica para retiro en tienda. Sólo delivery.Total No Frost: Evita la acumulación de escarchaMúltiples salidas de airePanel Led Táctil: manera conveniente de modificar la configuraciónLS51BPP.AHSGLPR,2349.0,Electrohogar,https://www.metro.pe/refrigerador-side-by-side-lg-ls51bpp-509l-multi-air-flow-plateada-2/p,2,True
Refrigeradora Samsung 234L RT22FARADS8/PE All Around Cooling,No aplica para retiro en tienda. Sólo delivery.Capacidad de 234 litrosSistema de enfriamiento All Around CoolingVentilación de MultiflujoCajón Moist Fresh ZoneBandeja Easy SlideFiltro desodorizanteMedidas (Alt x Anch x Prof): 154.5 x 55.5 x 63.7 cmRT22FARADS8/PERT22FARADS8/PE,1299.0,Electrohogar,https://www.metro.pe/refrigeradora-samsung-234l-rt22farads8-pe-all-around-cooling-2/p,17,True
Oster Olla Arrocera Multiusos 700W CKSTRC1700R 1.8 lt,No aplica para retiro en tienda. Sólo delivery.- Potencia de salida de 700 watts- Capacidad: 1.8 litros / 10 tazas- Mantiene el arroz caliente- Apagado automático- Exclusiva fuente de calor esférica que asegura una cocción uniforme- Material antiadherente en el tazón- Material de la tapa en vidrio refractario- ver más,95.0,Electrohogar,https://www.metro.pe/oster-olla-arrocera-multiusos-700w-ckstrc1700r-1-8-lt/p,35,True
Freidora de Aire Nex ARF-02027 2L,No aplica para retiro en tienda. Sólo delivery.Capacidad: 2 litrosPotencia: 1000 WattsTemperatura ajustable de 80° - 200°Temporizador de apagado automático,79.0,Electrohogar,https://www.metro.pe/freidora-de-aire-nex-arf-02027-2l-1003454/p,40,True
Refrigeradora Samsung TMF 301L RT31DG5220S9/PE,No aplica para retiro en tienda. Sólo delivery.All Around CoolingWiFi / SmartThingsPower Cool,1399.0,Electrohogar,https://www.metro.pe/ref-rt31dg5220s9pe-tmf-301l-silver-c-d/p,12,True
Refrigeradora Samsung 255L RT25FARADS8/PE All Around Cooling,No aplica para retiro en tienda. Sólo delivery.Capacidad de 255 litrosSistema de enfriamiento All Around CoolingVentilación de MultiflujoCajón Moist Fresh ZoneBandeja Easy SlideFiltro desodorizanteMedidas (Alt x Anch x Prof): 163.5 x 55.5 x 63.7 cmRT25FARADS8/PERT25FARADS8/PE,1399.0,Electrohogar,https://www.metro.pe/refrigeradora-samsung-255l-rt25farads8-pe-all-around-cooling-2/p,31,True
Lavadora Carga Superior LG WT16BVTB 16 Kg TurboDrum Negro,TurboDrumLimpieza de tinaLavado rapido,1599.0,Electrohogar,https://www.metro.pe/lavadora-carga-superior-lg-wt16bvtb-16-kg-turbodrum-negro-1019735/p,9,True
Refrigeradora Side by Side LG GS66SDP 617L Hygiene Fresh Plateado,No aplica para retiro en tienda. Sólo delivery.No frost3 PuertasHygiene Fresh,4499.0,Electrohogar,https://www.metro.pe/refrigeradora-side-by-side-lg-gs66sdp-617l-hygiene-fresh-plateado-1016815/p,35,True
"Ventilador 3 en 1 16"" Nex 50W Negro",No aplica para retiro en tienda. Sólo delivery.Multi-selector de velocidadesPotencia 50 WNúmero de aspas: 3Ajustable e inclinación y alturaDiámetro: 40 cm,69.9,Electrohogar,https://www.metro.pe/ventilador-3-en-1-16-nex-50w-negro-1003284/p,1,True
Refrigeradora no frost de 292L Mabe RMA305FWPC,No aplica para retiro en tienda. Sólo delivery.Desmoldador de hielo en contrapuertaDispensador de agua de 2LParrillas de vidrio templado,1449.0,Electrohogar,https://www.metro.pe/refrigeradora-no-frost-de-292l-mabe-rma305fwpc-1019117/p,3,True
Horno Microondas LG 20 Litros MS2032GAS,No aplica para retiro en tienda. Sólo delivery.EasyCleanNivel de PotenciaDescongelado Automático,319.0,Electrohogar,https://www.metro.pe/horno-microondas-lg-20-litros-ms2032gas-1001463/p,32,True
Refrigeradora Samsung TMF 384L RT38DG6730S9/PE,No aplica para retiro en tienda. Sólo delivery.All Around CoolingWiFi / SmartThingsPower Cool,1999.0,Electrohogar,https://www.metro.pe/refrigeradora-samsung-tmf-384l-rt38dg6730s9-pe-1014689/p,28,True
Cocina Indurama Cantabria Qz 5 Hornillas Croma,No aplica para retiro en tienda. Sólo delivery.5 Quemadores sellados1 Quemador Triple LlamaIncluye plancha freidora,1199.0,Electrohogar,https://www.metro.pe/cocina-indurama-cantabria-qz-5-hornillas-croma-1001495/p,28,True
Refrigerador Top Freezer Mabe 239L RMA255FYPG Total Fresh Flow Grafito,No aplica para retiro en tienda. Sólo delivery.Capacidad: 239 litrosTipo: Top FreezerSistema de Frío: Total Fresh Flow,1399.0,Electrohogar,https://www.metro.pe/refrigerador-top-freezer-mabe-239l-rma255fypg-total-fresh-flow-grafito-2/p,2,True
"Cocina Oster Os-Pgsc20G4Htss 20""",No aplica para retiro en tienda. Sólo delivery.Quemador triple llamaBase de acero inoxidableEncendido eléctrico y luz en el horno,779.0,Electrohogar,https://www.metro.pe/cocina-oster-os-pgsc20g4htss-20-1009455/p,21,True
"Ventilador de Torre 30"" Nex 50W",Medida (Alt): 76 cmNúmero de velocidades: 3Bajo nivel de ruidoControl de Oscilación Motor de aluminio,109.9,Electrohogar,https://www.metro.pe/ventilador-de-torre-30-nex-50w-1013960/p,30,True
Freidora de aire Oster 4L digital con ventana,No aplica para retiro en tienda. Sólo delivery.Recubrimiento DiamondForceVentana para facilitar la visiónLuz interior,379.0,Electrohogar,https://www.metro.pe/freidora-de-aire-oster-4l-digital-con-ventana-1024844/p,6,True
Cocina Indurama Coruña Qz 4 Hornillas Croma,No aplica para retiro en tienda. Sólo delivery.4 Quemadores selladosEncendido eléctrico en tableroParrillas de hierro fundido,849.0,Electrohogar,https://www.metro.pe/cocina-indurama-coruna-qz-4-hornillas-croma-1001492/p,32,True
Congelador Indurama CI-320Bl,No aplica para retiro en tienda. Sólo delivery.Ruedas multidireccionalesCapacidad: 310 litros Control de temperatura manualPotencia 140W,1099.0,Electrohogar,https://www.metro.pe/congelador-indurama-ci-320bl-2/p,44,True
Lavadora Samsung Wa19Cg6441Bdpe 19Kg Gris,No aplica para retiro en tienda. Sólo delivery.EcobubbleLavado intensoSuavizante profundo,1999.0,Electrohogar,https://www.metro.pe/lavadora-samsung-wa19cg6441bdpe-19kg-gris-1014678/p,46,True
Cocina de Pie Indurama Fontana Spazio20 4 Quemadores,No aplica para retiro en tienda. Sólo delivery.Número de quemadores: 4Tipo de cocina: GasCapacidad del horno: 55 litros,649.0,Electrohogar,https://www.metro.pe/cocina-de-pie-indurama-fontana-spazio20-4-quemadores/p,41,True
Microondas LG MH7032JAS EasyClean Negro,EasyCleanDoradorModo de cocción,439.0,Electrohogar,https://www.metro.pe/microondas-lg-mh7032jas-easyclean-negro-1017856/p,16,True
Plancha a Vapor Nex ANTIAD1500,Tipos de planchado: Seco | VaporPlaca de aluminio antiadherentePotencia: 1500WDepósito de agua de 210ml,49.9,Electrohogar,https://www.metro.pe/plancha-a-vapor-nex-antiad1500-962189/p,18,True
"Ventilador Box 9"" Nex 30W","Potencia: 30 WattsDiámetro: 9"" - 23cmMulti selector de velocidadesAspas: 3",69.9,Electrohogar,https://www.metro.pe/ventilador-box-9-nex-30w-1013954/p,35,True
Lavadora Carga Superior LG WT19DV6T AI DD 19 KG Gris,No aplica para retiro en tienda. Sólo delivery.AI DD Inteligencia Artificial6 Motion DDScent,1849.0,Electrohogar,https://www.metro.pe/lavadora-carga-superior-lg-wt19dv6t-ai-dd-19-kg-gris-1016818/p,40,True
Cocina de Piso a Gas 76cm Negro Mabecmp3020Fn0,No aplica para retiro en tienda. Sólo delivery.Número de quemadores: 6Timer mecánico Encendido electrónico por botón,1099.0,Electrohogar,https://www.metro.pe/cocina-de-piso-a-gas-76cm-negro-mabecmp3020fn0-1019108/p,29,True
Refrigerador Ri-389I Indurama 246 Litros No Frost,No aplica para retiro en tienda. Sólo delivery.Dispensador de 2.2LTecnología InverterSistema Multi Air Flow,1249.0,Electrohogar,https://www.metro.pe/refrigerador-ri-389i-indurama-246-litros-no-frost-1019163/p,4,True
"Ventilador Box 20"" Nex VBX2000 75W",Potencia: 75WSelector de 3 velocidadesAjustable en inclinaciónPara piso o paredTemporizador de hasta 120 minutos,89.9,Electrohogar,https://www.metro.pe/ventilador-box-20-nex-vbx2000-75w-1013959/p,48,True
Congelador Indurama Ci-420Bl,No aplica para retiro en tienda. Sólo delivery.Sistema DefrostRevestimiento de pintura blancaModo dual: conservador y congelador,1799.0,Electrohogar,https://www.metro.pe/congelador-indurama-ci-420bl-961145/p,5,True
Lavadora Carga Superior LG WT17DV6T AI DD 17 Kg Gris,No aplica para retiro en tienda. Sólo delivery.AI DD Inteligencia Artificial6 Motion DDScent,1749.0,Electrohogar,https://www.metro.pe/lavadora-carga-superior-lg-wt17dv6t-ai-dd-17-kg-gris-1016816/p,18,True
Refrigeradora Top Freezer LG GT33WPP 334L Door Cooling Plateada,No aplica para retiro en tienda. Sólo delivery.Compresor Smart InverterMúltiples salidas de aireDoorcooling+,0.0,Electrohogar,https://www.metro.pe/refrigeradora-top-freezer-lg-gt33wpp-334l-door-cooling-plateada-2/p,11,True
Cocina Indurama Cataluña Qz 6 Hornillas Croma,No aplica para retiro en tienda. Sólo delivery.6 Quemadores selladosEncendido eléctrico en tablero y hornoLuz en el horno,1099.0,Electrohogar,https://www.metro.pe/cocina-indurama-cataluna-qz-6-hornillas-croma-1001491/p,5,True
Refrigerador Ri-389I Indurama 246 Litros No Frost,No aplica para retiro en tienda. Sólo delivery.Compresor InverterSistema Multi Air FlowIluminación LED,1249.0,Electrohogar,https://www.metro.pe/refrigerador-ri-389i-indurama-246-litros-no-frost-1019162/p,2,True
Lavadora Samsung Wa13Cg5441Bdpe 13Kg Gris,No aplica para retiro en tienda. Sólo delivery.EcobubbleLavado intensoSuavizante profundo,1199.0,Electrohogar,https://www.metro.pe/lavadora-samsung-wa13cg5441bdpe-13kg-gris-1014675/p,31,True
Horno Microondas Oster POGGE3702,No aplica para retiro en tienda. Sólo delivery.700W de PotenciaControl DigitalFunción de Descongelado,309.0,Electrohogar,https://www.metro.pe/horno-microondas-oster-pogge3702-2/p,12,True
Oster Licuadora 1.25 Lt BLST4655 3 Velocidades,No aplica para retiro en tienda. Sólo delivery.,379.0,Electrohogar,https://www.metro.pe/oster-licuadora-1-25-lt-blst4655-3-velocidades/p,34,True
Congeladora Mabe 198Lts Chm200Pb3,No aplica para retiro en tienda. Sólo delivery.Distribucion de frio a traves de paredesFuncion dual congela y conservaPanel de luces,899.0,Electrohogar,https://www.metro.pe/congeladora-mabe-198lts-chm200pb3-1012437/p,7,True
Aire Acondicionado Nex 12000BTU,Capacidad Frigorífica [BTU]: 12000Capacidad Calorífica [BTU]: 9500Potencia: 1300WVoltaje: 220-240VFunciones: Refrigeración | Calefacción | Deshumidificador | Ventilador,999.0,Electrohogar,https://www.metro.pe/aire-acondicionado-nex-12000btu-1013963/p,46,True
Cocina de Pie Indurama Matisse 4 Quemadores Gris,No aplica para retiro en tienda. Sólo delivery.Número de quemadores: 4Tipo de cocina: GasTablero de acero inoxidable,699.0,Electrohogar,https://www.metro.pe/cocina-de-pie-indurama-matisse-4-quemadores-gris/p,5,True
Licuadora Acero Imaco 450w BLS503,No aplica para retiro en tienda. Sólo delivery.Cuchilla de 6 aspas de acero inox2 velocidades mas pulsadorMotor de 450w,89.0,Electrohogar,https://www.metro.pe/licuadora-acero-imaco-450w-bls503/p,12,True
Lavaseca Carga Frontal LG WD11PVC3S6 AI DD Plateado,No aplica para retiro en tienda. Sólo delivery.AI DD Inteligencia AritificialLavado a vapor6 Motion DD,1899.0,Electrohogar,https://www.metro.pe/lavaseca-carga-frontal-lg-wd11pvc3s6-ai-dd-plateado-1017846/p,32,True
Cocina Indurama Goya 4 Hornillas Negro,No aplica para retiro en tienda. Sólo delivery.4 Quemadores selladosTablero de acero inoxidableParrillas enlozadas,689.0,Electrohogar,https://www.metro.pe/cocina-indurama-goya-4-hornillas-negro-1001496/p,14,True
Refrigeradora Samsung All Around Cooling RS60T5200S9 602L,Capacidad total de 602 litrosCapacidad en el refrigerador de 409 litrosCapacidad en el congelador de 193 litrosPanel digitalAll Around Cooling: Sistema de enfriamiento que mantiene la temperatura uniforme y constanteVentilación de MultiflujoDispensador: Agua / HieloSpaceMax: Mayor espacio de almacenamiento sin aumentar las dimensiones externas ni comprometer la eficiencia energéticaPower Cool / Power Freeze: Enfría y congela alimentos o bebidas de manera rápida con un sólo botónIluminación LEDBandejas de vidrio templadoCompresor Digital Inverter: Ahorra hasta un 40% de energía y reduce el ruidoRefrigerante R600aEficiencia energética: AMedidas (Alt x Anch x Prof): 178 x 91 x 72.6 cmRS60T5200S9/PERS60T5200S9/PE,3999.0,Electrohogar,https://www.metro.pe/refrigeradora-samsung-all-around-cooling-rs60t5200s9-602l-2/p,1,True
Refrigeradora Mabe RMP420FLPG1 420L Black,No aplica para retiro en tienda. Sólo delivery.Capacidad: 420 litrosSistema de Frío: No FrostEstilo: 2 Puertas,1799.0,Electrohogar,https://www.metro.pe/refrigeradora-mabe-rmp420flpg1-420l-black-2/p,38,True
Licuadora Nex CBL-2999 1.5L,No aplica para retiro en tienda. Sólo delivery.Capacidad: 1.5 litrosPotencia: 250 WattsControl de 4 velocidades + PulsoFunción trituradora de hieloCuchillas de acero inoxidable,69.9,Electrohogar,https://www.metro.pe/licuadora-nex-cbl-2999-1-5l-1003455/p,6,True
Lavadora Carga Superior LG WT13DPBK 13kg Smart Motion Gris,No aplica para retiro en tienda. Sólo delivery.Ahorro de EnergíaSmart Motion + TurboDrumAuto Pre Lavado,1399.0,Electrohogar,https://www.metro.pe/lavadora-carga-superior-lg-wt13dpbk-13kg-smart-motion-gris-1001461/p,13,True
Enfriador de Aire Nex 5L 50W,Capacidad: 5 litrosPotencia: 50WEnfriador de aireBajo nivel de ruidoMedida (Alt): 85 cmTemporizador de 7 horas,269.9,Electrohogar,https://www.metro.pe/enfriador-de-aire-nex-5l-50w-1013961/p,38,True
"Ventilador Box 16"" Nex VBX1624B 50W",Potencia: 50WSelector de 3 velocidadesAjustable en inclinaciónCon 5 aspas plásticas,74.9,Electrohogar,https://www.metro.pe/ventilador-box-16-nex-vbx1624b-50w-1013958/p,8,True
Horno Eléctrico Thomas Th-75N01,No aplica para retiro en tienda. Sólo delivery.Potencia 2200 Watts | Capacidad 75 litros Timer 120 minutos con apagado automático Bandeja de residuos | Parrilla removible | Interior antiadherente,629.0,Electrohogar,https://www.metro.pe/horno-electrico-thomas-th-75n01-1009149/p,9,True
Soundbar Samsung 2-0 CH HW-C400,No aplica para retiro en tienda. Sólo delivery.Woofer IntegradoConexión de BluetoothExpansion de sonido envolvente,399.0,Tecnología,https://www.metro.pe/soundbar-samsung-2-0-ch-hw-c400-990882/p,25,True
"Televisor Lg Uhd Tv 50"" 4K Thinq Ai 50Ut7300",4K Procesador Inteligente a5 generación 7webOS 24 Smart TVPantalla 4K UHD,1199.0,Tecnología,https://www.metro.pe/televisor-lg-uhd-tv-50-4k-thinq-ai-50ut7300-1016702/p,43,True
"Televisor TCL 50"" Qled Smart Google Tv 50C655","No aplica para retiro en tienda. Sólo delivery.Conectividad: Wifi+BluetoothFuncion destacada: MEMC, HDMI 2.1,PROCESADOR AIPQ 3.0Tecnologia de Imagen HDR 10 +",1099.0,Tecnología,https://www.metro.pe/televisor-tlc-50-qled-smart-google-tv-50c655-1013457/p,33,True
Laptop Lenovo Intel Core i5 8Gb 512Gb SSD Ideapad Slim 3i 15.6'',Camara FHD con obturador de privacidadTeclado estandar en españolParlantes optimizados con Dolby Audio,1899.0,Tecnología,https://www.metro.pe/laptop-lenovo-intel-core-i5-8gb-512gb-ssd-ideapad-slim-3-12-gen-15-6-1006851/p,32,True
Tablet Lenovo M11 128Gb Wifi Android 13 11,No aplica para retiro en tienda. Sólo delivery.Inicio de sesión rápido y seguroAltavoces estéreo dualesPreparada el futuro,699.0,Tecnología,https://www.metro.pe/tablet-lenovo-m11-128gb-wifi-android-13-11-1025537/p,16,True
Mochila Kuzler Ligera de Viaje,No aplica para retiro en tienda. Sólo delivery.Porta laptopEspecial para viajesDiseño ligero para caminatas largas,129.0,Tecnología,https://www.metro.pe/mochila-kuzler-ligera-de-viaje-1019182/p,10,True
Pack PS5 Slim Digital + 2 Juegos,No aplica para retiro en tienda. Sólo delivery.Diseño slim1 TB de almacenamientoSSD de ultra alta velocidad,2449.0,Tecnología,https://www.metro.pe/pack-ps5-slim-digital-2-juegos-1012841/p,39,True
Smart TV 55'' Samsung QLED 4K Q60D Tizen OS (2024),No aplica para retiro en tienda. Sólo delivery.Tecnología Dual LEDTecnología Quantum DotOTS Lite,1499.0,Tecnología,https://www.metro.pe/smart-tv-55-samsung-qled-4k-q60d-tizen-os-2024-1015445/p,22,True
"Televisor TCL 32"" HD Smart Android Tv 32S4500A",No aplica para retiro en tienda. Sólo delivery.Android tvDolby audioConectividad: Wifi,499.0,Tecnología,https://www.metro.pe/televisor-tcl-32-hd-smart-android-tv-32s4500a-1016304/p,7,True
"Televisor TCL Smart TV 55"" UHD Google 55P635","No aplica para retiro en tienda. Sólo delivery.Tamaño de Pantalla: 55""Otro Sistema OperativoAsistente Virtual: Google Assistant",1099.0,Tecnología,https://www.metro.pe/televisor-tcl-smart-tv-55-uhd-google-55p635-1000034/p,35,True
Notebook HP Hp 15-Fd0048La I5 8Gb 512Gb W11 Silver,No aplica para retiro en tienda. Sólo delivery.Procesador: Intel Core i5Generación Procesador: Doceava GeneraciónCapacidad Disco Duro: 512 GB,1999.0,Tecnología,https://www.metro.pe/notebook-hp-hp-15-fd0048la-i5-8gb-512gb-w11-silver-1025865/p,9,True
Torre de sonido LG XBOOM RNC5 Multi-Bluetooth Karaoke Star,No aplica para retiro en tienda. Sólo delivery.Bass Blast+Iluminación de altavoces multicolorFunción de DJRNC5.DPERLLK,649.0,Tecnología,https://www.metro.pe/torre-de-sonido-lg-xboom-rnc5-multi-bluetooth-karaoke-star-989593/p,31,True
"Televisor LG Uhd Tv 55"" 4K Thinq Ai 55Ut7300",4K Procesador Inteligente a5 generación 7webOS 24 Smart TVPantalla 4K UHD,1799.0,Tecnología,https://www.metro.pe/televisor-lg-uhd-tv-55-4k-thinq-ai-55ut7300-1016703/p,40,True
Smart TV 75 Samsung Crystal UHD DU8000 4K Tizen OS (2024),No aplica para retiro en tienda. Sólo delivery.Escalador de imagen 4KDiseño Ultra DelgadoDynamic Crystal Color,2999.0,Tecnología,https://www.metro.pe/smart-tv-75-samsung-crystal-uhd-du8000-4k-tizen-os-2024-1018456/p,13,True
Notebook HP Intel Core i3 15-FD0026LA 512GB|8GB,"Enfrenta el día, todos los díasProductividad que se adapta a tu ritmo de  vidaconfiable para que mantengas la  concentración",1449.0,Tecnología,https://www.metro.pe/notebook-hp-intel-core-i3-15-fd0026la-512gb-8gb-1029920/p,35,True
Smartphone 14C 256GB|4GB Redmi Starry Blue,No aplica para retiro en tienda. Sólo delivery.Gran pantalla inmersiva que brinda claridad y comodidad  visitaRendimiento fluido para las tareas diariasCámara versátil para explorar nuevos reinos de creatividad,499.0,Tecnología,https://www.metro.pe/smartphone-14c-256gb-4gb-redmi-starry-blue/p,19,True
"Laptop Lenovo LOQ Intel Core i5 12va Gen. 8GB RAM 512GB SSD 15.6""","No aplica para retiro en tienda. Sólo delivery.Pantalla 15.6"" Full HDTipo de Tarjeta: NVIDIA® GeForce RTX 3050 (6GB) Procesador: Intel® Core i5-12450HX",3099.0,Tecnología,https://www.metro.pe/laptop-lenovo-loq-intel-core-i5-12va-gen-8gb-ram-512gb-ssd-15-6-1013454/p,39,True
Tablet Lenovo M9 4Gb 64Gb Wifi Android 12 9'',No aplica para retiro en tienda. Sólo delivery.Mira y haz más durante más tiempo con una batería de larga duraciónAltavoces estéreo dualesPreparada para el futuro con tres años de actualizaciones de seguridad,519.0,Tecnología,https://www.metro.pe/tablet-lenovo-m9-4gb-64gb-wifi-android-12-9-1025536/p,7,True
"Televisor TCL 55"" Qled Smart Google 55C655",No aplica para retiro en tienda. Sólo delivery.120 hz vrr game acceleratorSonido onkyoDolby visión atmos,1399.0,Tecnología,https://www.metro.pe/televisor-tcl-55-qled-smart-google-55c655-1013458/p,14,True
Laptop Lenovo Intel Core i3 8Gb 512Gb SSD Ideapad Slim 3i 15.6'',Camara FHD con obturador de privacidadTeclado estandar en españolParlantes optimizados con Dolby Audio,1299.0,Tecnología,https://www.metro.pe/laptop-lenovo-intel-core-i3-8gb-512gb-ssd-ideapad-slim-3-12-gen-15-6-1004699/p,36,True
Torre de sonido LG XBOOM RNC9 Multi-Bluetooth Karaoke Star,No aplica para retiro en tienda. Sólo delivery.Bass Blast+Iluminación de altavoces multicolorFunción de DJRNC9.DPERLLK,1099.0,Tecnología,https://www.metro.pe/torre-de-sonido-lg-xboom-rnc9-multi-bluetooth-karaoke-star-989595/p,20,True
Notebook Asus FA506NF-HN005W,No aplica para retiro en tienda. Sólo delivery.Acelera tus victoriasLa experiencia gaming definitivaCompite al máximo nivel donde quieras,2849.0,Tecnología,https://www.metro.pe/notebook-asus-fa506nf-hn005w-1019445/p,12,True
"Notebook HP 15.6"" 15-FB2002LA 512GB+8GB",No aplica para retiro en tienda. Sólo delivery.Generación Procesador: Serie 8000Procesador: Intel Core i5Capacidad Disco Duro: 512GB|Memoria RAM: 8GB,3199.0,Tecnología,https://www.metro.pe/notebook-hp-15-6-15-fb2002la-512gb-8gb-1023773/p,18,True
"Televisor LG Uhd Tv 65"" 4K Thinq Ai 65Ut7300",4K Procesador Inteligente a5 generación 7webos 24 Smart TVPantalla 4K UHD,1799.0,Tecnología,https://www.metro.pe/televisor-lg-uhd-tv-65-4k-thinq-ai-65ut7300-1016704/p,23,True
"Notebook Lenovo Ideapad Slim 3i  CI7-13VA 16G 512G 14"" FHD",Camara FHD con Obturador de privacidadteclado IluminadoParlantes optimizados con Dolby Audio,2599.0,Tecnología,https://www.metro.pe/notebook-lenovo-ideapad-slim-3i-ci7-13va-16g-512g-14-fhd-1017590/p,28,True
Tablet Xiaomi 128GB|4GB Redmi Pad Se 1TB,No aplica para retiro en tienda. Sólo delivery.Procesador: Qualcomm Snapdragon 680tarjeta de Memoria: MicroSDCapacidad de Disco Duro: 128 GB,629.0,Tecnología,https://www.metro.pe/tablet-xiaomi-redmi-pad-se-11-128gb-4gb-1026978/p,36,True
Smartphone Galaxy A16 8Gb 256Gb + Ta15W Black Samsung,Organización de espacios.Ordena y mejora el aspecto de tu casa.Mejorar la estética de tu sala de estar o espacio de entretenimiento.,899.0,Tecnología,https://www.metro.pe/smartphone-galaxy-a16-8gb-256gb-ta15w-black-samsung-1029798/p,29,True
"Laptop Asus TUF Gaming FX507ZC4 15.6"" Intel i5 512G 8GB Mecha Gray","Pantalla FHD (1920x1080 px) de 15.6""Capacidad de disco duro: 512GBProcesador Intel Core i5-12500H 2.5GhzMemoria RAM 8GB DDR4Tarjeta de video: NVIDIA GeForce RTX 3050 4GB GDDR6",3299.0,Tecnología,https://www.metro.pe/laptop-asus-tuf-gaming-fx507zc4-15-6-intel-i5-512g-8gb-mecha-gray-990978/p,46,True
Pack PS5 Slim Standard + 2 Juegos,No aplica para retiro en tienda. Sólo delivery.Diseño slim1 TB de almacenamientoSSD de ultra alta velocidad,2699.0,Tecnología,https://www.metro.pe/pack-ps5-slim-standard-2-juegos-1012840/p,7,True
Smartphone Galaxy A35 8GB 256GB Lilac,No aplica para retiro en tienda. Sólo delivery.Pantalla SUPER AMOLED 1080 x 2340 (FHD+)Cámara posterior de 50.0 MP + 8.0 MP + 5.0 MP y frontal de 13 MPBatería de 5000 mAh,1499.0,Tecnología,https://www.metro.pe/smartphone-galaxy-a35-8gb-256gb-lilac-1013582/p,11,True
"Televisor TLC 55"" Miniled Smart Google Tv 55C755",No aplica para retiro en tienda. Sólo delivery.Conectividad: Wigi+BluetoothAsistente virtual: Google AssistantSonido: Dolby Atmos,2049.0,Tecnología,https://www.metro.pe/televisor-tlc-55-miniled-smart-google-tv-55c755-1016301/p,5,True
Smartphone Xiaomi Redmi Note 13 Ice Blue 8Gb Ram 256Gb Rom,No aplica para retiro en tienda. Sólo delivery.Snapdragon 6858+256 GB108MP + W8 + M2,699.0,Tecnología,https://www.metro.pe/smartphone-xiaomi-redmi-note-13-ice-blue-8gb-ram-256gb-rom-1010089/p,30,True
"Televisor LG Uhd Tv 75"" 4K Thinq Ai 75Ut8050",4K Procesador Inteligente a5 generación 7webOS 24 Smart TVPantalla 4K UHD,2799.0,Tecnología,https://www.metro.pe/televisor-lg-uhd-tv-75-4k-thinq-ai-75ut8050-1016705/p,25,True
Smartphone Xiaomi 14T 512GB +12GB,No aplica para retiro en tienda. Sólo delivery.Procesador: Media Tek Dimensity 8300 UltraMemoria Interna: 512GB + Memoria RAM: 12GBCámara Principal: 50MP,2299.0,Tecnología,https://www.metro.pe/smartphone-xiaomi-14t-512gb-12gb-1025539/p,2,True
Smartphone Motorola Moto G34 5G Negro Meteorito,No aplica para retiro en tienda. Sólo delivery.Fotos más nítidas y con más brilloLos objetivos ultra gran angular y macroCámara delantera de 16 MP.,699.0,Tecnología,https://www.metro.pe/smartphone-motorola-moto-g34-5g-negro-meteorito-1012278/p,17,True
Laptop Lenovo AMD Ryzen 5 16Gb 512Gb SSD Ideapad 1 Serie 7520U 15.6'',"No aplica para retiro en tienda. Sólo delivery.15.6"" HD16GB LPDDR5512GB SSD",1999.0,Tecnología,https://www.metro.pe/laptop-lenovo-amd-ryzen-5-16gb-512gb-ssd-ideapad-1-serie-7520u-15-6-1004701/p,10,True
"Televisor TCL 43"" FHD Smart Android Tv 43S5400A",No aplica para retiro en tienda. Sólo delivery.Android tvDolby audioConectividad: Wifi+Bluetooth,799.0,Tecnología,https://www.metro.pe/televisor-tcl-43-fdh-smart-android-tv-43s5400a-1016305/p,47,True
Torre de sonido LG XBOOM RNC7 Multi-Bluetooth Karaoke Star,No aplica para retiro en tienda. Sólo delivery.Bass Blast+Iluminación de altavoces multicolorFunción de DJRNC7.DPERLLK,999.0,Tecnología,https://www.metro.pe/torre-de-sonido-lg-xboom-rnc7-multi-bluetooth-karaoke-star-989594/p,34,True
Smartphone Galaxy A55 8GB 256GB Lilac,No aplica para retiro en tienda. Sólo delivery.Pantalla SUPER AMOLED 1080 x 2340 (FHD+)Cámara posterior de 50.0 MP + 12.0 MP + 5.0 MP y frontal 32 MPBatería de 5000 mAh,1899.0,Tecnología,https://www.metro.pe/smartphone-galaxy-a55-8gb-256gb-lilac-1013584/p,27,True
Smartphone Motorola Moto G24 Gris Acero,"No aplica para retiro en tienda. Sólo delivery.Fino, ligero y está disponible en tres colores.Cámara avanzada de 50 MP.Potencia de un procesador de ocho núcleos.",499.0,Tecnología,https://www.metro.pe/smartphone-motorola-moto-g24-gris-acero-1012276/p,32,True
"Laptop 15.6"" Asus Vivobook E1504FA R5-7250U 512GB 8GB UMA Green","Pantalla: 15.6"" Full HD (1920 x 1080 px)Memoria SSD: 512GB | Memoria RAM: 8GB Procesador: AMD Ryzen @5 R5-7250UGráficos: AMD Radeon Graphics",1699.0,Tecnología,https://www.metro.pe/laptop-15-6-asus-vivobook-e1504fa-r5-7250u-512gb-8gb-uma-green-2/p,3,True
PlayStation Mando Inalámbrico DualSense White,No aplica para retiro en tienda. Sólo delivery.- Control inalámbrico DualSense para PS5 - Sensor de movimiento intuitivo con acelerómetro y giroscopio integrados- Gatillos adaptativos dinámicos- Efectos de sonido de alta fidelidad- Micrófono integrado- Nueva barra luminosa- Vibraciones dinámicas: Desde los entornos hasta el retroceso de diferentes armas- Desactiva la recepción de voz con el botón Silenciador dedicado- Produce más contenido de juego con el botón Crear- Conector de auriculares 3.5 mm- Batería recargable a través de USB Tipo-C,279.9,Tecnología,https://www.metro.pe/playstation-mando-inalambrico-dualsense-white-895925/p,8,True
Smart TV 55'' Samsung Crystal UHD DU8000 4K Tizen OS (2024),No aplica para retiro en tienda. Sólo delivery.Dynamic CrystalVista Múltiple x2SmartThings,1999.0,Tecnología,https://www.metro.pe/smart-tv-55-samsung-crystal-uhd-du8000-4k-tizen-os-2024-1015442/p,39,True
Celular Samsung Galaxy A06 POWER PACK 128GB + Cargador 15W,No aplica para retiro en tienda. Sólo delivery.Pantalla PLS LCD 720 x 1600 (HD+) Procesador MediaTek | MT6769V/CZCámara posterior 50MP + 2MP,499.0,Tecnología,https://www.metro.pe/celular-samsung-galaxy-a06-power-pack-128gb-cargador-15w-1022378/p,32,True
"Televisor Hisense Qled Uhd 4K 65"" Google",No aplica para retiro en tienda. Sólo delivery.Resolución UHD 4KSmart TVControl de Voz,1699.0,Tecnología,https://www.metro.pe/televisor-hisense-qled-uhd-4k-65-google-1014119/p,16,True
Smartphone Honor X6B 4Gb+128Gb Starry Purple,No aplica para retiro en tienda. Sólo delivery.Equipo 4GCámara principal de 50MPCámara frontal de 5MP,449.0,Tecnología,https://www.metro.pe/smartphone-honor-x6b-4gb-128gb-starry-purple-1027025/p,35,True
Smartphone Motorola E14GBris,No aplica para retiro en tienda. Sólo delivery.Diseñado para entretenerConectividad: Wifi+BluetoothProcesador: Octa Core,319.0,Tecnología,https://www.metro.pe/smartphone-motorola-e14-gbis-1018491/p,23,True
Smart TV 65 Samsung Crystal UHD DU7000 4K Tizen OS (2024),No aplica para retiro en tienda. Sólo delivery.Escalador de imagen 4KPurColorSmartThings,1999.0,Tecnología,https://www.metro.pe/smart-tv-65-samsung-crystal-uhd-du7000-4k-tizen-os-2024-1018461/p,9,True
Smartphone Galaxy A55 8GB 256GB Black,No aplica para retiro en tienda. Sólo delivery.Pantalla SUPER AMOLED 1080 x 2340 (FHD+)Cámara posterior de 50.0 MP + 12.0 MP + 5.0 MP y frontal 32 MPBatería de 5000 mAh,1899.0,Tecnología,https://www.metro.pe/smartphone-galaxy-a55-8gb-256gb-black-1013585/p,1,True
"Televisor Smart TV Hisense Qled Uhd 4K 100"" Google",No aplica para retiro en tienda. Sólo delivery.Resolución UHD 4K 120HzSmart TVControl de Voz,6599.0,Tecnología,https://www.metro.pe/televisor-smart-tv-hisense-qled-uhd-4k-100-google-1024492/p,13,True
"Televisor LG Oled Tv 55"" 4K Thinq Ai Oled55C4 (2024)",4K Procesador Inteligente a9 generación 7webOS 24 Smart TVPantalla 4k OLED,4599.0,Tecnología,https://www.metro.pe/televisor-lg-oled-tv-55-4k-thinq-ai-oled55c4-2024-1016711/p,22,True
Notebook HP Hp15-Fa0021Lai5 8Gb512Gbrtx350W11 Blue,No aplica para retiro en tienda. Sólo delivery.Procesador: Intel® Core 5 Generación Procesador: Doceava GeneraciónCapacidad Disco Duro: 512 GB,3199.0,Tecnología,https://www.metro.pe/notebook-hp-hp15-fa0021lai5-8gb512gbrtx350w11-blue-1025866/p,33,True
Nintento Switch 1 1 Neon Mario Kart 8 Sp Ed,Compite a través del mundo de Mario y sus amigosJuega en casa o en el camino utilizando una sola consolaQuema llantas a través de las pistas del Reino Champiñón,1399.0,Tecnología,https://www.metro.pe/nintento-switch-1-1-neon-mario-kart-8-sp-ed-1019346/p,38,True
Smart TV 50'' Samsung QLED 4K Q60D Tizen OS (2024),No aplica para retiro en tienda. Sólo delivery.Tecnología Dual LEDTecnología Quantum DotOTS Lite,1749.0,Tecnología,https://www.metro.pe/smart-tv-50-samsung-qled-4k-q60d-tizen-os-2024-1015444/p,24,True
Torre de Sonido Samsung Bluetooth 300W MX-T40/PE,No aplica para retiro en tienda. Sólo delivery.Sonido bidireccionalPotenciador de bajosLuces LED para fiesta,549.0,Tecnología,https://www.metro.pe/torre-de-sonido-samsung-bluetooth-300w-mx-t40-pe-1008209/p,19,True
Smartphone 14C 256GB|4GB  Redmi Midnight,No aplica para retiro en tienda. Sólo delivery.Gran pantalla inmersiva que brinda claridad y comodidadRendimiento fuido para las tareas diariasCámara versátil para explorar nuevos reinos de creatividad,499.0,Tecnología,https://www.metro.pe/smartphone-14c-256gb-4gb-redmi-midnight/p,1,True
Epson Impresora Multifuncional Inalámbrica L3250,Multifuncional: Impresora / Escáner / CopiadoraTecnología: Inyección de tinta Heat-FreeTM Micro Piezo de 4 coloresResolución de impresión: Hasta 5760 x 1440 pppVelocidad de impresión: Hasta 33 ipm en negro / Hasta 15 ipm en colorCapacidad de la bandeja: 100 hojas de papel comúnEscáner con sensor de imagen de contacto CISSuperficie de digitalización: 21.6 x 29.7 cmResolución de escaneo: Hasta 1200 x 2400 dpiProfundidad de escaneo: Grises de 16 bits / Color de 48 bitsVelocidad de copia: Hasta 7.7 cpm en negro / Hasta 3.8 cpm en colorResolución de copiado: Hasta 1200 x 2400 pppConectividad: WiFi DirectPuerto: USB 2.0,749.0,Tecnología,https://www.metro.pe/epson-impresora-multifuncional-inalambrica-l3250-2/p,21,True
PlayStation Mando Inalámbrico DualSense Midnight Black,No aplica para retiro en tienda. Sólo delivery.- Control inalámbrico DualSense para PS5- Sensor de movimiento intuitivo con acelerómetro y giroscopio integrados- Gatillos adaptativos dinámicos- Efectos de sonido de alta fidelidad- Micrófono integrado- Nueva barra luminosa- Vibraciones dinámicas: Desde los entornos hasta el retroceso de diferentes armas- Desactiva la recepción de voz con el botón Silenciador dedicado- Produce más contenido de juego con el botón Crear- Conector de auriculares 3.5 mm- Batería recargable a través de USB Tipo-C,399.0,Tecnología,https://www.metro.pe/playstation-mando-inalambrico-dualsense-midnight-black-942054/p,5,True
Smartwatch Xiaomi Watch 5 Active,Hasta 18 días de duración de la bateríaMonitor de frecuencia cardiaca de 24 horasMonitorización del oxígeno en sangre y el estrés durante todo el día,135.0,Tecnología,https://www.metro.pe/smartwatch-xiaomi-watch-5-active-1026975/p,34,True
Epson Impresora Multifuncional Inalámbrica L4260,"Multifuncional: Impresora / Escáner / CopiadoraPantalla a color de 1.44""Tecnología: Inyección de tinta Heat-FreeTM Micro Piezo de 4 coloresImpresión Dúplex automáticaResolución de impresión: Hasta 5760 x 1440 pppVelocidad de impresión: Hasta 33 ipm en negro / Hasta 15 ipm en colorCapacidad de la bandeja: 100 hojas de papel comúnEscáner con sensor de imagen de contacto CISSuperficie de digitalización: 21.6 x 29.7 cmResolución de escaneo: Hasta 1200 x 2400 dpiProfundidad de escaneo: Grises de 16 bits / Color de 48 bitsVelocidad de copia: Hasta 7.7 cpm en negro / Hasta 3.8 cpm en colorResolución de copiado: Hasta 300 x 600 pppConectividad: WiFi 2.4 GHz / WiFi DirectPuerto: USB 2.0",999.0,Tecnología,https://www.metro.pe/epson-impresora-multifuncional-inalambrica-l4260-2/p,29,True
Batería Krea 7 Piezas Antiadherente,"Material: 75% Aluminio, 15% Vidrio, 10% BaquelitaPeso: 3.5 kgRecubrimiento antiadherenteBase con distribución uniforme de calorTapa de vidrio templado y difusor de calorMango de baquelitaFácil limpiezaMedidas: Cacerola 16 cm/Sartén 24cm / Olla 20cm / Olla 24cmUnidades: 7",287.99,Hogar y Bazar,https://www.metro.pe/bateria-7pz-antiadherente-st/p,17,True
Set Vasos Krea Altos Lisos Básicos 255ml 6un,Capacidad: 255 mlMaterial: VidrioContenido: 6 unidades,15.99,Hogar y Bazar,https://www.metro.pe/set-vasos-krea-altos-lisos-basicos-255ml-6un-2/p,13,True
Sofá Cama M+Design Isidro 3.0 212x86.5x83cm Gris,1 CuerpoCómodoDimensiones: 212x86.5x83cm,649.9,Hogar y Bazar,https://www.metro.pe/sofa-cama-m-design-isidro-3-0-212x86-5x83cm-gris-1009103/p,10,True
Juego de Vajilla Krea 16 Piezas Promocional,Durable y fácil cuidadoContenido: 16 piezasMaterial: Porcelana,65.79,Hogar y Bazar,https://www.metro.pe/juego-de-vajilla-krea-16-piezas-promocional-1007097/p,2,True
Sillón M+Design Reclinable,No aplica para retiro en tienda. Sólo delivery.Material: Revestido Tejido|PlásticoMedidas (Alt x Anch x Prof): 100 x 73 x 88cmReclinable,349.9,Hogar y Bazar,https://www.metro.pe/sillon-m-design-reclinable-2/p,11,True
Caja Krea Organizador Rueda Transparente Tapa Color Surtido 26L,Con ruedaOrganizador de espaciosTapa con seguro,25.19,Hogar y Bazar,https://www.metro.pe/caja-krea-organizador-rueda-transparente-tapa-color-surtido-26l-1009825/p,20,True
Vitrina M+Design Benedikt Blanco,No aplica para retiro en tienda. Sólo delivery.Modelo: MDF|PB|VidrioMedidas (Alt x Anch x Prof): 190 x 94 x 44cmColor: Blanco,599.9,Hogar y Bazar,https://www.metro.pe/vitrina-m-design-benedikt-blanco/p,32,True
Comedor M+Design Lavi Beige 140x90x77cm 4 Sillas,No aplica para retiro en tienda. Sólo delivery.Material: MDFDimensiones: 140x90x77cm4 Sillas,649.9,Hogar y Bazar,https://www.metro.pe/comedor-m-design-lavi-beige-140x90x77cm-4-sillas-993749/p,27,True
Tetera Krea Acero 1.5L,Material: AceroCapacidad: 1.5 litrosTemperatura máxima 180ºC,32.19,Hogar y Bazar,https://www.metro.pe/tetera-krea-acero-15l-995123/p,39,True
Escritorio M+Design Basic Ceniza,No aplica para retiro en tienda. Sólo delivery.Material: MDF|MetalMedidas (Alt x Anch x Prof): 76 x 78.2 x 46cmColor: Ceniza,99.9,Hogar y Bazar,https://www.metro.pe/escritorio-m-design-basic-ceniza-2/p,26,True
Comedor M+Design Romance 2.0 4 Sillas Gris,Para 4 personasMaterial: MaderaDimensiones: 118x74x73cm,599.9,Hogar y Bazar,https://www.metro.pe/comedor-m-design-romance-2-0-4-sillas-gris-1009078/p,41,True
Pilas Alcalinas AA Pack 4 + 2 unid,Incluye 4 pilas Alcalinas + 2 de regaloTipo de pila: AACon Tecnología Duralock: Conservación de cargaDura hasta 10 veces más,22.9,Hogar y Bazar,https://www.metro.pe/pilas-alcalinas-aa-pack-4-2-unid/p,9,True
Caja Krea Organizador Color Piedra 34L,Tapa con seguroOrganizador de espaciosTapa con seguro,18.6,Hogar y Bazar,https://www.metro.pe/caja-krea-organizador-color-piedra-34l-1009826/p,24,True
Llanta Radial Goodyear Eagle Ventura 185/70R Aro 14'',Tamaño: 185/70RDiámetro: 343 mmÍndice de carga: 88*GoodYear ofrece un servicio post-venta gratuito dirigido al enllante y balanceo (no incluye pitones ni plomo). Consultar red de distribuidores autorizados a nivel nacional en la última imagen. Debe presentar su boleta o factura que acredite la compra en las cadenas de autoservicio.,212.0,Hogar y Bazar,https://www.metro.pe/llanta-radial-goodyear-eagle-ventura-185-70r-aro-14/p,9,True
Juego de Vajilla Krea 16 Piezas Cerámica Líneas Color,Durable y fácil cuidadoContenido: 16 piezasMaterial: Cerámica,49.99,Hogar y Bazar,https://www.metro.pe/juego-de-vajilla-krea-16-piezas-ceramica-lineas-color-1007094/p,14,True
Neumáticos Goodyear Direction Touring 185/70R14,Tamaño: 185/70R14Excelente frenado en mojadoBuen manejo en mojadoMayor kilometraje*GoodYear ofrece un servicio post-venta gratuito dirigido al enllante y balanceo (no incluye pitones ni plomo). Consultar red de distribuidores autorizados a nivel nacional en la última imagen. Debe presentar su boleta o factura que acredite la compra en las cadenas de autoservicio.,187.0,Hogar y Bazar,https://www.metro.pe/neumaticos-goodyear-direction-touring-185-70r14/p,27,True
Llanta Goodyear Direction Sport 205/55R16,Tamaño: 205/55R16Mejor agarre en mojadoMejor frenado en mojadoMejora en manejo y frenado en seco*GoodYear ofrece un servicio post-venta gratuito dirigido al enllante y balanceo (no incluye pitones ni plomo). Consultar red de distribuidores autorizados a nivel nacional en la última imagen. Debe presentar su boleta o factura que acredite la compra en las cadenas de autoservicio.,247.0,Hogar y Bazar,https://www.metro.pe/llanta-goodyear-direction-sport-205-55r16-990727/p,17,True
Tetera Krea Acero con Pito 3L,Material: AceroCapacidad: 3 litrosTemperatura máxima 180ºC,34.99,Hogar y Bazar,https://www.metro.pe/tetera-krea-acero-con-pito-3l-995126/p,18,True
Tetera Krea con Pito 2.5L,Material: AceroCapacidad: 2.5 litrosTemperatura máxima 180ºC,20.99,Hogar y Bazar,https://www.metro.pe/tetera-krea-con-pito-2-5l-995125/p,46,True
Botella Insulada Keep 1L,libre de bpaMantiene calorApto lavavajillas,31.92,Hogar y Bazar,https://www.metro.pe/botella-insulada-keep-1l-1025303/p,26,True
Jarro Krea Básico + 6 Vasos Decal,Uso utensilios de cocinaCapacidad: 1.3 LT | 220 mlMaterial: Vidrio,50.99,Hogar y Bazar,https://www.metro.pe/jarro-krea-basico-6-vasos-decal-983413/p,30,True
Caja Organizadora Transparente con Ruedas Krea 13L Surtido,Contiene 13 litrosCon ruedasOrganizador de espaciosTapa con seguroMedidas (Alt x Anch x Prof): 19.8 x 37.5 x 29.3 cm* Modelo al azar según stock. Incluye solo una unidad.,19.19,Hogar y Bazar,https://www.metro.pe/caja-organizadora-transparente-con-ruedas-krea-13l-surtido-1009824/p,14,True
Silla M+Design Antique 41x48x80cm Crudo,Confort y calidadSilla perfecta para tu hogarDimensiones: 41x48x80cm,99.9,Hogar y Bazar,https://www.metro.pe/silla-m-design-antique-41x48x80cm-crudo-1009126/p,22,True
Set 2 Sillas M+Design Beige,"No aplica para retiro en tienda. Sólo delivery.Color: Rustic/PerlaMaterial: MDP, Metal, FoamMedidas (AltxAnchxProf): 98x40x49 cm",129.9,Hogar y Bazar,https://www.metro.pe/set-2-sillas-m-design-beige-2/p,33,True
Mesa M+Design Arrimo Galpa 2.0 100x35x79cm Natural/Negro,Durabilidad y versátilPara cualquier espacio y estiloDimensiones: 100x35x79cm,219.9,Hogar y Bazar,https://www.metro.pe/mesa-m-design-arrimo-galpa-2-0-100x35x79cm-natural-negro-935646/p,46,True
Bar Anko M+Design 120x35x79cm,No aplica para retiro en tienda. Sólo delivery.Bar anko largoDimensiones: 120x35x79cmEsencial para tu hogar,279.9,Hogar y Bazar,https://www.metro.pe/bar-anko-m-design-120x35x79cm-1001910/p,24,True
Plato Desechable 26cm Darnel 20un,Cantidad: 20 unidadesElaborado con bagazo de cañaApto para microondasResistente a la grasa y humedadMedida (Diám): 26 cm,11.99,Hogar y Bazar,https://www.metro.pe/plato-desechable-26cm-darnel-20un941709/p,41,True
Juego de Cubiertos Krea Dorado 16 Piezas,Piezas 16 cubiertosMaterial: AceroDiseño dorado,90.99,Hogar y Bazar,https://www.metro.pe/juego-de-cubiertos-krea-dorado-16-piezas-2/p,26,True
Caja Organizadora Duraplast Navidad Transparente con Tapa Verde 28L,Cierre facilResistente multiusos diseño navideño28 litros,11.99,Hogar y Bazar,https://www.metro.pe/caja-organizadora-duraplast-navidad-transparente-con-tapa-verde-28l-1000452/p,36,True
Thermos Botella Deportiva Gris 950ml,ResistenteNo tóxicoModerno,26.59,Hogar y Bazar,https://www.metro.pe/thermos-botella-deportiva-gris-950ml-2/p,8,True
Mesa M+Design Arrimo Oregón Natural,No aplica para retiro en tienda. Sólo delivery.Material: MDFMedidas (Alt x Anch x Prof): 75 x 100 x 30cmColor: Natural,219.9,Hogar y Bazar,https://www.metro.pe/mesa-m-design-arrimo-oregon-natural-2/p,18,True
Pack 10 Contenedores Krea en Caja,Material: plásticoReutilizableColor: Idéntico a la imagen,30.99,Hogar y Bazar,https://www.metro.pe/pack-10-contenedores-krea-en-caja-2/p,37,True
Batería Krea 5 Piezas Antiadherente,"Material: 75% Aluminio, 15% Vidrio,  10% BaquelitaPeso: 2.4 kgRecubrimiento antiadherenteBase con distribución uniforme de calorTapa de vidrio templado y difusor de calorMango de baquelitaFácil limpiezaMedidas: Cacerola 16 cm/ Sartén 20 cm/ Olla 24 cmUnidades: 5",197.99,Hogar y Bazar,https://www.metro.pe/bateria-5pz-antiadherente-st/p,3,True
Mesa M+Design Centro Oak Natural,No aplica para retiro en tienda. Sólo delivery.Material: MDFMedidas (Alt x Anch x Prof): 80 x 40 x 80cmColor: Natural,99.9,Hogar y Bazar,https://www.metro.pe/mesa-m-design-centro-oak-natural/p,22,True
Caja Krea Plástica Promocional Surtido 6L,Capacidad: 6 litrosOrganizador de espaciosTapa con seguro,6.99,Hogar y Bazar,https://www.metro.pe/caja-krea-plastica-promocional-surtido-6l-1009819/p,15,True
Llanta 175/70R13 Kelly Edge Touring 2 Goodyear,Ahorro de combustible máximoOptima resistenciaTecnología avanzada,159.9,Hogar y Bazar,https://www.metro.pe/llanta-175-70r13-kelly-edge-touring-2-goodyear-1011604/p,36,True
Uthil Papel Aluminio 8Mt x 30Cm C/Sierra,Papel de aluminio ideal para envoltura y cocina8 metros de largo para uso frecuenteCon sierra para facilitar el corte,7.99,Hogar y Bazar,https://www.metro.pe/uthil-papel-aluminio-8mt-x-30cm-c-sierra-195090/p,31,True
Papel Film Caja 30 x 304 cm,Plástico autoadherente para alimentosMedidas (Alt x Anch): 30 x 304 cmCaja con sierra metálicaDe fácil uso<(li>,7.99,Hogar y Bazar,https://www.metro.pe/papel-film-caja-30-x-304-cm-2/p,31,True
Carro de Compra Kreas Diseño 3D,Asa doble anatómicaResiste 25 kgDimensiones: 95x36x27cm,18.99,Hogar y Bazar,https://www.metro.pe/carro-de-compra-kreas-diseno-3d-1000631/p,20,True
Caja Organizadora Krea Básica Blanca 60L,Capacidad: 60 litrosMaterial: PlasticoAlmacenamiento prácticoFácil de transportar,56.69,Hogar y Bazar,https://www.metro.pe/caja-organizadora-krea-b-sica-blanca-60l-982622/p,16,True
Contenedor Krea Hermético Vidrio Rectangular 650ml,Capacidad: 650 mlMaterial: Vidrio BorosilicatoApto para lavavajillas. Lavar con agua y detergente suave.,18.99,Hogar y Bazar,https://www.metro.pe/contenedor-krea-hermetico-vidrio-rectangular-650ml-2/p,38,True
Energizer Pila Alcalina Max AA Pack de 8 unid,"- Contenido de 8 unidades- Modelo: AA- Conserva su energía hasta 10 años- No contiene mercurio- Con tecnología Power Seal Technology-, ver más",20.59,Hogar y Bazar,https://www.metro.pe/energizer-pila-alcalina-max-aa-pack-de-8-unid/p,2,True
Set Contenedor Krea Herméticos Cuadrados 4un,Capacidad: 500 ml | 900 ml | 1.5 L | 2.5 LMaterial: Polipropileno | ColoranteContenido: 4 unidades,29.99,Hogar y Bazar,https://www.metro.pe/set-contenedor-krea-hermeticos-cuadrados-4un-2/p,48,True
Botella Krea Bandas 750ml,Diseñadas para ser reutilizableApto para refrigerarCapacidad: 750ml,6.99,Hogar y Bazar,https://www.metro.pe/botella-krea-bandas-750ml-1007001/p,47,True
Duracell Pilas Alcalinas AAA Paquete 4 + 2 unid,- Cantidad: 6 pilas alcalinas- Tipo de pila: AAA- Tecnología Duralock: Conservación de carga- Dura hasta 10 veces más- Separación de la carga- Compuesto de zinc altamente pirificado- Mantener fuera del alcance de los niños- ver más,22.9,Hogar y Bazar,https://www.metro.pe/duracell-pilas-alcalinas-aaa-paquete-4-2-unid/p,10,True
Vaso Descartable Tami 266 ml Translúcido Paquete 25 unid,Cantidad 25 unidadesCapacidad: 266 mlMayor rigidezDisponible con tapa,7.99,Hogar y Bazar,https://www.metro.pe/vaso-descartable-tami-266-ml-translucido-paquete-25-unid/p,9,True
Tetera Krea Color Assorted con Pito,Material: Acero inoxidableColor: Salvia OscuroCapacidad: 2.5 litrosMedidas (Long x Anch x Alt): 22 x 19.5 x 21 cmPeso: 0.53 kgApto para refrigerarApto para cocina a gas/ eléctrica/vitrocerámica,39.99,Hogar y Bazar,https://www.metro.pe/tetera-krea-color-assorted-con-pito-2/p,49,True
Tetera Krea Acero Color 1.5L,Material: AceroCapacidad: 1.5 litrosTemperatura máxima 180ºC,37.09,Hogar y Bazar,https://www.metro.pe/tetera-krea-acero-color-15l-996055/p,40,True
Plato Desechable 15.5cm Darnel 20un,Cantidad: 20 unidadesElaborado con bagazo de cañaApto para microondasResistente a la grasa y humedadMedida (Diám): 15.5 cm,3.92,Hogar y Bazar,https://www.metro.pe/plato-desechable-15-5cm-darnel-20un941707/p,30,True
Velas Krea T-Light 30un Blanca,Velas aromáticasMaravillosa forma de relajarseDecorativa,12.59,Hogar y Bazar,https://www.metro.pe/velas-krea-t-light-30un-blanca-814604/p,26,True
Tabla de Planchar Krea Básica,PlegablePorta placha retractil4 niveles de regulación,57.59,Hogar y Bazar,https://www.metro.pe/tabla-de-planchar-krea-basica-1009844/p,17,True
Tendedero Krea Alas 15m,Tamaño: 15mAlas PlegablesBase antideslizante,54.59,Hogar y Bazar,https://www.metro.pe/tendedero-krea-alas-15m-2/p,45,True
Individual Krea Moda,Con diseñoPráctico y fácil de limpiarMaterial: PVC,2.4,Hogar y Bazar,https://www.metro.pe/individual-krea-moda-1006487/p,23,True
Llanta 185/70R13 Kelly Edge Touring 2 Goodyear,Ahorro de combustible máximoOptima resistenciaTecnología avanzada,169.9,Hogar y Bazar,https://www.metro.pe/llanta-185-70r13-kelly-edge-touring-2-goodyear-1011603/p,11,True
Mesa M+Design con Bandeja Negro 2.0,No aplica para retiro en tienda. Sólo delivery.con BandejaMedidas (Alt x Anch x Prof): 62 x 56 x 35cmColor: Negro,69.9,Hogar y Bazar,https://www.metro.pe/mesa-m-design-con-bandeja-negro-2-0/p,40,True
Espejo Joyero de Pie Blanco,"JoyeroHermoso y versátilCon llaveMedida (Alt x Anch x Prof): 35,2 x 35 x 153 cmMaterial: 95% Mdf + 4% Espejo + 1% Terciopelo País de Origen: China",179.9,Hogar y Bazar,https://www.metro.pe/espejo-joyero-de-pie-blanco/p,24,True
Balanza Krea Digital 5K,Material: plástico | vidrioindicador máximo 5kgBatería AAA (no incluidas)Accesorio perfecto para tu hogar,17.99,Hogar y Bazar,https://www.metro.pe/balanza-krea-digital-5k/p,46,True
Dormitorio Forli Acqua 2 Plazas y Sofá Cama,No aplica para retiro en tienda. Sólo delivery.Resortes BonnelMaterial TricotDormitorio,669.0,Dormitorio,https://www.metro.pe/dormitorio-forli-acqua-2-plazas-y-sofa-cama-1018275/p,3,True
Krea Almohadas Gemelas 45 x 65 cm,- Cantidad de 2 almohadas- Tamaño: 45 x 65 cm- Funda de tela notex (no tejida)- Relleno 100% fibra hueca de poliéster tubular siliconizada- Hipoalergénica / Inodora,14.9,Dormitorio,https://www.metro.pe/krea-almohadas-gemelas-45-x-65-cm/p,42,True
Dormitorio Forli Acqua 1.5 Plazas + Sofá Cama,No aplica para retiro en tienda. Sólo delivery.Resortes BonnelMaterial TricotDormitorio,569.0,Dormitorio,https://www.metro.pe/dormitorio-forli-acqua-1-5-plazas-sofa-cama-1018276/p,5,True
Dormitorio Nappy Paraíso 2 Plazas + Sofá Cama,No aplica para retiro en tienda. Sólo delivery.Número de plazas: 2Tela jacquardResortes BonellEspuma Zebra D16,689.0,Dormitorio,https://www.metro.pe/dormitorio-nappy-paraiso-2-plazas-sofa-cama-1011482/p,42,True
Zapatero Gepetto M+Design Natural,"No aplica para retiro en tienda. Sólo delivery.Material: PB, PP, MDFMedidas (Alt x Anch x Prof): 117 x 60 x 24cmColor: Natural",0.0,Dormitorio,https://www.metro.pe/zapatero-gepetto-m-design-natural-2/p,49,True
Banqueta Zapatero M+Design Horizontal,"No aplica para retiro en tienda. Sólo delivery.Material: PB, PP, MDFMedidas (Alt x Anch x Prof): 60 x 30 x 49cmColor: Natural",149.9,Dormitorio,https://www.metro.pe/banqueta-zapatero-m-design-horizontal/p,11,True
Colchón Paraíso Medallón Ergonómico 2 Plazas + 2 Almohadas + Protector,No aplica para retiro en tienda. Sólo delivery.Tela jacquardResortes CosisoftMayor resistencia,479.0,Dormitorio,https://www.metro.pe/colchon-paraiso-medallon-ergonomico-2-plazas-2-almohadas-protector-473693/p,5,True
Colchón Majestic Black 2 Plazas,No aplica para retiro en tienda. Sólo delivery.Tela polisedaResortes BonellEspuma Zebra D16,269.0,Dormitorio,https://www.metro.pe/colchon-majestic-black-2-plazas-1014089/p,12,True
Colchón Majestic Black 1.5 Plaza,No aplica para retiro en tienda. Sólo delivery.Tela polisedaResortes BonellEspuma Zebra D16,219.0,Dormitorio,https://www.metro.pe/colchon-majestic-black-1-5-plaza-1014088/p,11,True
Krea Almohada Twin 65 x 50 cm Pack 2 unid,No aplica para retiro en tienda. Sólo delivery.- Contiene 2 unidades- Material de la tela: 70% poliéster / 30% algodón- Medidas (Alt x Anch): 50 x 65 cm,25.9,Dormitorio,https://www.metro.pe/krea-almohada-twin-65-x-50-cm-pack-2-unid/p,29,True
Toalla de Baño Krea 450 Gsm Blanco,Medidas: 70x140 cmMaterial: AlgodónLavar a máquina siguiendo las instrucciones de lavado,34.99,Dormitorio,https://www.metro.pe/toalla-de-bano-krea-450-gsm-blanco-2/p,40,True
Quilt Krea Estampada 2 Plazas Microfibra Surtido,Relleno LigeroConfortableMaterial: Microfibra,39.9,Dormitorio,https://www.metro.pe/quilt-krea-estampada-2-plazas-microfibra-surtido-1010530/p,34,True
Colchón Paraíso Edén Plus 1.5 Plazas,No aplica para retiro en tienda. Sólo delivery.Tela jacquardResortes BonellEspuma Zebra D18,279.0,Dormitorio,https://www.metro.pe/colchon-paraiso-eden-plus-1-5-plazas-353541/p,41,True
Dormitorio Paraíso 2 Plazas Nappy,No aplica para retiro en tienda. Sólo delivery.Tela jacquardResortes BonellEspuma Zebra D16,669.0,Dormitorio,https://www.metro.pe/dormitorio-paraiso-2-plazas-nappy-753429/p,25,True
Dormitorio Forli Sabanera Acqua 2 Plazas Sofá Cama,No aplica para retiro en tienda. Sólo delivery.Resortes BonnelMaterial TricotDormitorio,789.0,Dormitorio,https://www.metro.pe/dormitorio-forli-sabanera-acqua-2-plazas-sofa-cama-1018274/p,44,True
Manta Krea Polar Lisa 120x150cm Surtido,Material: poliésterDimensiones: 120x150cmSecado delicado a baja temperatura* Modelo al azar según stock,4.9,Dormitorio,https://www.metro.pe/manta-krea-polar-lisa-120-150cm-surtido-997741/p,47,True
Quilt Krea Estampada 1.5 Plazas Microfibra Surtido,Relleno LigeroConfortableMaterial: MicrofibraNo incluye fundas de almohadas,29.9,Dormitorio,https://www.metro.pe/quilt-krea-estampada-1-5-plazas-microfibra-surtido-1010529/p,45,True
Colchón Paraíso Edén Plus 2 Plazas,No aplica para retiro en tienda. Sólo delivery.Tela jacquardResortes BonellEspuma Zebra D18,349.0,Dormitorio,https://www.metro.pe/colchon-paraiso-eden-plus-2-plazas-353562/p,38,True
Colchón Paraíso Fantasía 1.5 Plazas,No aplica para retiro en tienda. Sólo delivery.Tela polisedaResortes BonellEspuma Zebra D16,219.0,Dormitorio,https://www.metro.pe/colchon-paraiso-fantasia-1-5-plazas-106429/p,16,True
Sabana Krea Lisa 1.5 Plazas Microfibra 75Gsm Surtido,Suave y confortableBorado de HiloMaterial: Microfibra,41.9,Dormitorio,https://www.metro.pe/sabana-krea-lisa-1-5-plazas-microfibra-75gsm-surtido-1010443/p,47,True
Colchón Paraíso Pocket Star 2 Plazas + 2 Almohadas + Protector,No aplica para retiro en tienda. Sólo delivery.Tela tejido de puntoResortes PocketZebra D23,639.0,Dormitorio,https://www.metro.pe/colchon-paraiso-pocket-star-2-plazas-2-almohadas-protector-953503/p,8,True
Colchón Paraíso Lifestyles Pocket 2 Plazas,No aplica para retiro en tienda. Sólo delivery.Tela tejido de puntoResortes PocketEspuma Zebra D19,489.0,Dormitorio,https://www.metro.pe/colchon-paraiso-lifestyles-pocket-2-plazas-1009327/p,46,True
Dormitorio Nappy Paraíso 1.5 Plazas + Sofá Cama,No aplica para retiro en tienda. Sólo delivery.Número de plazas: 1.5Tela jacquardResortes BonellEspuma Zebra D16,569.0,Dormitorio,https://www.metro.pe/dormitorio-nappy-paraiso-1-5-plazas-sofa-cama-1011481/p,27,True
Closet M+Design 6 Puertas Zapatera 138x40x177cm Tabaco 3.0,Diseño Innovador6 PuertasDimensiones:  138x40x177cm,369.9,Dormitorio,https://www.metro.pe/closet-mdesign-6-puertas-zapatera-138x40x177cm-tabaco-3-0-1008475/p,3,True
Toalla de Baño Krea 70x135cm 450Gsm Azul,Suavidad y absorción garantizadaEsenciales de bañoDimensiones: 70x135cm,22.9,Dormitorio,https://www.metro.pe/toalla-de-bano-krea-70-135cm-450gsm-azul-1010596/p,47,True
Manta Krea Polar Sherpa Estampada 125x150cm Surtido,Material: poliésterDimensiones: 120x150cmSecado delicado a baja temperatura* Modelo al azar según stock,14.9,Dormitorio,https://www.metro.pe/manta-krea-polar-sherpa-estampada-125-150cm-surtido-997745/p,44,True
Colchón Paraíso Pocket Star 1.5 Plazas + 1 Almohada + Protector,No aplica para retiro en tienda. Sólo delivery.Tela tejido de puntoResortes PocketZebra D23,529.0,Dormitorio,https://www.metro.pe/colchon-paraiso-pocket-star-1-5-plazas-1-almohada-protector-953502/p,46,True
Colchón Royal Prince 1.5 Plaza,No aplica para retiro en tienda. Sólo delivery.Tela Tejido de PuntoResortes PocketMayor estabilidad,699.0,Dormitorio,https://www.metro.pe/colchon-royal-prince-1-5-plaza-468141/p,30,True
Cama Paraíso 2 Plazas Nappy,No aplica para retiro en tienda. Sólo delivery.Tela jacquardResortes BonellEspuma Zebra D16,589.0,Dormitorio,https://www.metro.pe/cama-paraiso-2-plazas-nappy-357403/p,45,True
Dormitorio Paraíso 1.5 Plazas Nappy,No aplica para retiro en tienda. Sólo delivery.Tela jacquardResortes BonellEspuma Zebra D16,549.0,Dormitorio,https://www.metro.pe/dormitorio-paraiso-1-5-plazas-nappy-753428/p,28,True
Quilt Krea Queen Plaza Sherpa Surtido,Material: MicrofibraQuilt: 250x240cm|Funda Almohada: (2) 50x70cmNo planchas sobre estampado,39.9,Dormitorio,https://www.metro.pe/quilt-krea-queen-plaza-sherpa-surtido-997685/p,3,True
Toallon Krea 90x150cm 450gsm Gris Claro,Material: AlgodónDimensiones: 90x150cm 450gsm,19.9,Dormitorio,https://www.metro.pe/toallon-krea-90x150cm-450gsm-gris-claro-997775/p,38,True
Colchón Super Star 1.5 Plaza,No aplica para retiro en tienda. Sólo delivery.Descanso inteligente que te recarga de energía. Tela Tejido de Punto Resortes Cosisoft Espuma Zebra Descanso3 Colchones,479.0,Dormitorio,https://www.metro.pe/colchon-super-star-1-5-plaza-922410/p,3,True
Colchón Royal Prince 2 Plazas,No aplica para retiro en tienda. Sólo delivery.Tela Tejido de PuntoResortes PocketMayor estabilidad,849.0,Dormitorio,https://www.metro.pe/colchon-royal-prince-2-plazas-468142/p,15,True
Cama Forli Acqua 2 Plazas + Sofá Cama,No aplica para retiro en tienda. Sólo delivery.Resortes BonnelMaterial TricotCama,589.0,Dormitorio,https://www.metro.pe/cama-forli-acqua-2-plazas-sofa-cama-1018277/p,27,True
Colchon Cónsul Paraíso Black 2 Plazas,No aplica para retiro en tienda. Sólo delivery.Tela polisedaResortes BonellMarco de Zebra D16,299.0,Dormitorio,https://www.metro.pe/colchon-consul-paraiso-black-2-plazas-986685/p,1,True
Dormitorio Forli Acqua 2 Plazas + Sofá,No aplica para retiro en tienda. Sólo delivery.Resortes BonnelMATERIAL TRICOTDORMITORIO,849.0,Dormitorio,https://www.metro.pe/dormitorio-forli-acqua-2-plazas-sofa-1018296/p,24,True
Manta Krea Polar Lisa 120x150cm Surtido,Material: poliésterDimensiones: 120x150cmSecado delicado a baja temperatura* Modelo al azar según stock,4.9,Dormitorio,https://www.metro.pe/manta-krea-polar-lisa-120-150cm-surtido-997740/p,5,True
Quilt Krea Estampada 2 Plazas Microfibra Surtido,Relleno LigeroConfortableMaterial: Microfibra,54.9,Dormitorio,https://www.metro.pe/quilt-krea-estampada-2-plazas-microfibra-surtido-1010532/p,49,True
Sabana Krea Lisa 2 Plazas Microfibra 75Gsm Surtido,Suave y confortableBorado de HiloMaterial: Microfibra,51.9,Dormitorio,https://www.metro.pe/sabana-krea-lisa-2-plazas-microfibra-75gsm-surtido-1010444/p,7,True
Quilt Krea Estampada Queen Plaza Microfibra Surtido,Relleno LigeroConfortableMaterial: Microfibra,45.9,Dormitorio,https://www.metro.pe/quilt-krea-estampada-queen-plaza-microfibra-surtido-1010533/p,31,True
Colchón Paraíso Cónsul 1.5 Plazas,No aplica para retiro en tienda. Sólo delivery.Tela polisedaResortes BonellEspuma Zebra D16,219.0,Dormitorio,https://www.metro.pe/colchon-paraiso-consul-1-5-plazas-886979/p,2,True
Cama Paraíso Majestic Black 2 Plazas,No aplica para retiro en tienda. Sólo delivery.Tela polisedaResortes BonellEspuma Zebra D16,589.0,Dormitorio,https://www.metro.pe/cama-paraiso-majestic-black-2-plazas-1014091/p,3,True
Velador M+Design Florencia,No aplica para retiro en tienda. Sólo delivery.Modelo: MDFMedidas (Alt x Anch x Prof): 52 x 40 x 40cmColor: Natural,129.9,Dormitorio,https://www.metro.pe/velador-m-design-florencia-2/p,16,True
Toalla Baño Krea 350gsm Surtido,"Material: AlgodónDimensiones: 70x135cmLavar antes de primer uso por separado, ya que puede desteñir* Modelo al azar según stock",9.9,Dormitorio,https://www.metro.pe/toalla-bano-krea-350gsm-surtido-997792/p,7,True
Toalla de Playa Krea 75x150cm 266GSM,Suavidad y absorción garantizadaEsenciales de bañoDimensiones: 75x150cm,29.9,Dormitorio,https://www.metro.pe/toalla-de-playa-krea-75x150cm-266gsm-1010620/p,26,True
Manta Krea Borrego 2 Plazas Surtido,Tamaño: 2 PlazasAcabado de la Tela: BorregoMaterial: 100% poliésterMedidas (Anch x Alt): 157 X 145 cm* Modelo al azar según stock. Incluye solo una unidad.,29.9,Dormitorio,https://www.metro.pe/manta-krea-borrego-2-plazas-surtido-1018240/p,10,True
Toallón 450GSM Krea 90x150cm Blanco,Material: 100% algodón de 450GSMMedidas: 90 x 150 cmLavar a máquina siguiendo las instrucciones de lavado,48.99,Dormitorio,https://www.metro.pe/toallon-450gsm-krea-90x150cm-blanco-970018/p,35,True
Toalla Mano Krea 350gsm Surtido,"Material: AlgodónDimensiones: 50x70cmLavar antes de primer uso por separado, ya que puede desteñir* Modelo al azar según stock",4.2,Dormitorio,https://www.metro.pe/toalla-mano-krea-350gsm-surtido-997791/p,44,True
Colchon Cónsul Paraíso Black 1.5 Plazas,No aplica para retiro en tienda. Sólo delivery.Tela polisedaResortes BonellMarco de Zebra D16,229.0,Dormitorio,https://www.metro.pe/colchon-consul-paraiso-black-1-5-plazas-986684/p,33,True
Toalla de Baño Krea 70x135cm 450gsm Azul Claro,Material: AlgodónDimensiones: 70x135cm450gsm,54.99,Dormitorio,https://www.metro.pe/toalla-de-bano-krea-70x135cm-450gsm-azul-claro-997786/p,7,True
Toalla de Mano Krea 400Gsm Blanco,Medidas: 50x70 cmMaterial: AlgodónLavar a máquina siguiendo las instrucciones de lavado,9.99,Dormitorio,https://www.metro.pe/toalla-de-mano-krea-400gsm-blanco-2/p,37,True
Dormitorio Paraíso Majestic Black 1.5 Plaza,No aplica para retiro en tienda. Sólo delivery.Tela polisedaResortes BonellEspuma Zebra D16,549.0,Dormitorio,https://www.metro.pe/dormitorio-paraiso-majestic-black-1-5-plaza-1014092/p,25,True
Almohada Drimer Antistress 65x50cm,Tapiz tejido de punto con hilos de aceroRelleno 100% Fibra PoliésterNivel de Firmeza: Medio,39.9,Dormitorio,https://www.metro.pe/almohada-antistress-65x50cm/p,12,True
Quilt Krea Estampada 2 Plazas Microfibra Surtido,Relleno LigeroConfortableMaterial: Microfibra,54.9,Dormitorio,https://www.metro.pe/quilt-krea-estampada-2-plazas-microfibra-surtido-1010535/p,17,True
Toalla de Baño Krea 70x135cm 450Gsm Rosado,Suavidad y absorción garantizadaEsenciales de bañoDimensiones: 70x135cm,22.9,Dormitorio,https://www.metro.pe/toalla-de-bano-krea-70-135cm-450gsm-rosado-1010605/p,18,True
Twopack Fundas Almohada 50x70cm Microfibra 75Gm Surtido,Material: poliéster|algodónDimensiones: 50x70cmNo lavar en seco.* Modelo al azar según stock,14.9,Dormitorio,https://www.metro.pe/twopack-fundas-almohada-50-70cm-microfibra-75gm-surtido-997654/p,45,True
Krea Relleno de Cojín 45 x 45 cm,No aplica para retiro en tienda. Sólo delivery.- Relleno para cojín- Material en tela no tejida- Medidas (Alt x Anch): 45 x 45 cm,8.99,Dormitorio,https://www.metro.pe/krea-relleno-de-cojin-45-x-45-cm/p,6,True
Colchón Super Star Negro 2 Plazas,No aplica para retiro en tienda. Sólo delivery.Descanso inteligente que te recarga de energía. Tela Tejido de Punto Resortes Cosisoft Espuma Zebra Descanso3 Colchones,559.0,Dormitorio,https://www.metro.pe/colchon-super-star-negro-2-plazas-547474/p,45,True
Cama Paraíso Pocket Star Queen Champagne,No aplica para retiro en tienda. Sólo delivery.Resortes pocket con independencia de movimientoTela tejido de puntoDescanso 3 Zebra 23  - Tecnología con 3 niveles de soporte,1499.0,Dormitorio,https://www.metro.pe/cama-paraiso-pocket-star-queen-champagne-1022894/p,10,True
Fourpack Toallitas Húmedas Huggies Limpieza Efectiva 48un,Contiene 4 paquetes de 48 unidades cada una Toallitas húmedasSuave como algodónCon control de oloresTriple hoja absorbente,23.9,Niños y Bebés,https://www.metro.pe/fourpack-toallitas-humedas-huggies-limpieza-efectiva-48un-2/p,37,True
Pañales para Bebé Babysec Super Premium Talla XXG 58un,Cantidad: 58 unidadesTalla: XXGHasta 12 horas de protecciónCubierta tipo tela extra suaveCintura súper altaCentro súper absorbenteIdeal para bebés de 13 kilos en adelante,58.9,Niños y Bebés,https://www.metro.pe/panales-para-bebe-babysec-super-premium-talla-xxg-58un-1017373/p,10,True
Pañales para Bebé Babysec Premium Talla XXG 72un,Cantidad: 72 unidadesTalla: XXGCubierta tipo tela suaveBarreras más altas con mejor absorciónGel ultra absorbenteCintura elástica / Cintas reajustables con pega pegaIdeal para bebés de más de 13 kilos,57.9,Niños y Bebés,https://www.metro.pe/panales-para-bebe-babysec-premium-talla-xxg-72un-932694002/p,19,True
Tripack Toallitas Húmedas con Aloe Vera Babysec Ultra 50un,Cantidad: 150 unidadesToallitas húmedas para bebésCon aloe veraSin alcohol,11.5,Niños y Bebés,https://www.metro.pe/tripack-toallitas-humedas-con-aloe-vera-babysec-ultra-50un-2/p,49,True
Tripack Toallitas Húmedas Huggies Cuidado 4 en 1 80un,Contiene 3 paquetes de 80 unidades cada unoPreviene la dermatitisSuave como el algodónEnriquecidas con extracto de pepino y té verde,34.0,Niños y Bebés,https://www.metro.pe/tripack-toallitas-humedas-huggies-cuidado-4-en-1-80un-971387/p,7,True
Tripack Toallitas Húmedas Babysec Super Premium 80un,Contiene 3 unidades de 80 unidadesToallitas húmedas hipoalergénicasSin perfumeSin alcoholDiseño suave y resistente,32.5,Niños y Bebés,https://www.metro.pe/tripack-toallitas-humedas-babysec-super-premium-80un-1019203/p,21,True
Pañales para Bebé Zeukid Baby Care Talla XXG 72un,Cantidad: 72 unidadesTalla: XXGPañales desechablesCon barretas altas antifugasCintura elastizadaCubierta tipo telaIdeal para bebés de 15 kilos a más,53.9,Niños y Bebés,https://www.metro.pe/panales-para-bebe-zeukid-baby-care-talla-xxg-72un-989669/p,17,True
Pañales para Bebé Huggies Dermacare Talla G 48un,Cantidad: 48 unidadesTalla: GUltra suave y respirable con cubierta ultradelgadaCon vitamina E que ayuda a prevenir irritacionesProducto sin fragancias ni parabenos. Dermatologicamente probadoPara bebés de 9 a 12.5 kilos,44.9,Niños y Bebés,https://www.metro.pe/panales-para-bebe-huggies-dermacare-talla-g-48un-1016313/p,24,True
Pañales para Piscina Pampers Splashers Talla XG 10un,"Cantidad: 10 unidadesTalla: XGNo se hinchan en el agua como los pañales regulares, se ajustan perfectoSus doble barreras de protección se ajustan alrededor de las piernasDiseñados para una máxima diversión dentro del agua",19.9,Niños y Bebés,https://www.metro.pe/panales-para-piscina-pampers-splashers-talla-xg-10un-899171003/p,13,True
Pañales para Bebé Huggies Natural Care Talla XXXG 54un,Cantidad: 54 unidadesTalla: XXXGTecnología Xtra-CareElaborado con fibras naturalesCon canales suaves respirablesIdeal para bebés de 18 a 25 kilos,59.9,Niños y Bebés,https://www.metro.pe/panales-para-bebe-huggies-natural-care-talla-xxxg-54un-976376/p,14,True
Toallitas Húmedas Babysec Super Premium 184un,Contiene 184 unidadesToallitas húmedas hipoalergénicasSin perfumeSin alcoholDiseño suave y resistente,29.9,Niños y Bebés,https://www.metro.pe/toallitas-humedas-babysec-super-premium-184un-2/p,45,True
Pañales Bambo Nature Talla XXL 40un,"Cantidad: 40 unidadesTalla: XXLDiseño unisexIdeal para bebés de más de 16 kilosSin parabenos, perfumes, lociones ni preservantes",69.9,Niños y Bebés,https://www.metro.pe/panales-bambo-nature-talla-xxl-40un/p,22,True
Pañales para Bebé Huggies Active Sec Talla XXXG 70un,Cantidad: 70 unidadesTalla: XXXGTecnología Xtra-FlexProtección total y flexibilidadCubierta externa suaveDistribución rápida y uniformeAbsorción mejoradaIdeal para bebés de 18 a 25 kilos,59.9,Niños y Bebés,https://www.metro.pe/panales-para-bebe-huggies-active-sec-talla-xxxg-70un-1012402/p,39,True
Toallitas Húmedas Huggies Cuidado 4 en 1 184un,Contiene 184 unidadesToallitas húmedasAyuda a prevenir irritacionesPH balanceadoLimpia e hidrataFórmula con pepino y té verde,29.9,Niños y Bebés,https://www.metro.pe/toallitas-humedas-huggies-cuidado-4-en-1-184un-2/p,7,True
Pañales para Piscina Pampers Splashers Talla G 11un,Cantidad: 11 unidadesTalla: M - GPañales para piscinaIdeal para bebés de 9 a 15 kilos,19.9,Niños y Bebés,https://www.metro.pe/panales-para-piscina-pampers-splashers-talla-g-11un-899171002/p,33,True
Pañales para Bebés Pampers Premium Care Hipoalergénico Talla XXXG 52un,Cantidad: 52 unidadesTalla: XXXGIdeal para bebés de 19 kilos a másMáxima absorción de PampersAyuda a prevenir escapesUltra respirable,79.9,Niños y Bebés,https://www.metro.pe/panales-para-bebes-pampers-premium-care-hipoalergenico-talla-xxxg-52un-1013967/p,38,True
Pants para Bebé Pampers Premium Care Talla XXG 52un,Cantidad: 52 unidadesTalla: XXGFácil de cambiar: para retirar solo debe rasgar los laterales del pañalLoción Hipoalergénica: ayuda a prevenir irritacionesHasta 12h* de protección para noches enteras de sueño sequito.,76.9,Niños y Bebés,https://www.metro.pe/pants-para-bebe-pampers-premium-care-talla-xxg-52un-978858/p,36,True
Pañales para Bebés Babysec Super Premium Talla XG 60un,Cantidad: 60 unidadesTalla: XGPara bebés de 11 a 14 kilosPañales para bebésCuida y protege la piel de tu bebéHasta 12 horas de protección,58.9,Niños y Bebés,https://www.metro.pe/pa-ales-para-beb-s-babysec-super-premium-talla-xg-60un-1016679/p,42,True
Pañales para Bebé Pampers Premium Care Talla XXG 68un,Cantidad: 68 unidadesTalla: XXGPañales para bebéUltra respirableAjuste cómodo y flexibleAyuda a prevenir irritacionesHipoalergénicoIdeal para bebés de más de 14 kilos,89.9,Niños y Bebés,https://www.metro.pe/panales-para-bebe-pampers-premium-care-talla-xxg-68un-755988/p,28,True
Pañales para Bebé Huggies Natural Care Talla XXG 58un,Cantidad: 58 pañalesTalla: XXGTecnología Xtra-CareElaborado con fibras naturalesCon canales suaves respirablesIdeal para bebés de 14 a 20 kilos,59.9,Niños y Bebés,https://www.metro.pe/panales-para-bebe-huggies-natural-care-talla-xxg-58un-950914003/p,20,True
Pañales para Bebé Huggies Dermacare Talla M 58un,Cantidad: 58 unidadesTalla: MUltra suave y respirable con cubierta ultradelgadaCon vitamina E que ayuda a prevenir irritacionesProducto sin fragancias ni parabenos. Dermatologicamente probadoPara bebés de 5.5 a 9.5 kilos,52.9,Niños y Bebés,https://www.metro.pe/panales-para-bebe-huggies-dermacare-talla-m-58un-1016312/p,47,True
Pañales para Bebés Pampers Premium Care Talla XXG 112un,Cantidad: 112 unidadesTalla: XXGPañales para bebéUltra respirableAjuste cómodo y flexibleAyuda a prevenir irritacionesHipoalergénicoIdeal para bebés de 14 a 18 kilos,129.9,Niños y Bebés,https://www.metro.pe/panales-para-bebes-pampers-premium-care-talla-xxg-112un-1025915/p,21,True
Tripack Toallitas Húmedas Huggies Puro y Natural 80un,Cantidad de 240 toallitas húmedasToallitas húmedas sin alcohol ni fraganciaCompuestas en un 99% de agua purificadaIdeales para recién nacidosCuidado más puro para la piel de tu bebé,34.0,Niños y Bebés,https://www.metro.pe/tripack-toallitas-humedas-huggies-puro-y-natural-80un-1024568/p,35,True
Tripack Toallitas Húmedas Babysec Premium 45un,Contiene 3 paquetes de 45 unidades cada unoElaborado con Aloe VeraEnriquecido con vitamina ETipo tela extra suave y flexibleProducto hipoalergénico,16.0,Niños y Bebés,https://www.metro.pe/tripack-toallitas-humedas-babysec-premium-45un-532619/p,23,True
Shampoo para Bebé Johnson's Baby Gotas de Brillo 1L,"Contiene 1 litroShampoo para bebésRealza el brillo natural del pelo, dejándolo suave y más sueltoHipoalergénico, formulado para ser suaveLibre de colorantes, parabenos, sulfatos y ftalatosProbado por dermatólogos",47.5,Niños y Bebés,https://www.metro.pe/shampoo-para-beb-johnson-s-baby-gotas-de-brillo-1l-753913003/p,16,True
Pañales para Bebé Huggies Dermacare Talla XG 38un,Cantidad: 38 unidadesTalla: XGUltra suave y respirable con cubierta ultradelgadaCon vitamina E que ayuda a prevenir irritacionesProducto sin fragancias ni parabenos. Dermatologicamente probadoPara bebés de más de 12 kilos,44.9,Niños y Bebés,https://www.metro.pe/panales-para-bebe-huggies-dermacare-talla-xg-38un-1016314/p,46,True
Shampoo para Bebé Johnson's Fuerza y Vitamina 1L,"Contiene 1 litroShampoo para bebéFórmula no más lágrimasTriple protección contra el quiebreCon vitamina ELibre de parabenos, sulfatos y colorantesProbado por dermatólogos",47.5,Niños y Bebés,https://www.metro.pe/shampoo-para-bebe-johnson-s-fuerza-y-vitamina-1l-2/p,20,True
Shampoo para Bebé Johnson's Baby Manzanilla 1L,"Contiene 1 litroShampoo para bebéFórmula no más lágrimasCon manzanilla naturalAyuda a realzar el color del cabello claroLibre de parabenos, sulfatos y colorantesProbado por dermatólogos",47.5,Niños y Bebés,https://www.metro.pe/shampoo-para-beb-johnson-s-baby-manzanilla-1l-753913002/p,28,True
Pañales para Bebé Huggies Active Sec Talla XXG 74un,Cantidad: 74 unidadesTalla: XXGTecnología Xtra-FlexProtección total y flexibilidadCubierta externa suaveDistribución rápida y uniformeAbsorción mejoradaIdeal para bebés de 14 a 20 kilos,59.9,Niños y Bebés,https://www.metro.pe/panales-para-bebe-huggies-active-sec-talla-xxg-74un-1012401/p,28,True
Pañales para Bebé Huggies Triple Protección Talla XG 72un,Cantidad: 72 unidadesTalla: XGPañales con tecnología Xtra-protectProtección durante toda la nocheIdeal para bebés de 12 a 15 kilos,49.9,Niños y Bebés,https://www.metro.pe/panales-para-bebe-huggies-triple-proteccion-talla-xg-72un-950915002/p,13,True
Toallitas Húmedas Babysec Premium 3un,Contiene 3 unidades de 70 toallitas cada unaElaborado con Aloe Vera y enriquecido con vitamina ETipo tela extra suave y flexible,23.0,Niños y Bebés,https://www.metro.pe/toallitas-h-medas-babysec-premium-3un-1014109/p,19,True
Crema Protectora Bepanthen Bebe 100g,"Contiene 100 gramosProtege, regenera e hidrata la delicada piel de bebéCrema protectora con provitamina B5No almacenar a temperaturas superiores a 25 °CNSO:  NSOC1367-00COSe recomienda usar el producto hasta 12 meses después de abierto",43.5,Niños y Bebés,https://www.metro.pe/crema-protectora-bepanthen-bebe-100g-1025985/p,4,True
Shampoo para Bebé Johnson's Baby Original 1L,"Contiene 1 litroShampoo para bebéFórmula no más lágrimasCon manzanilla naturalAyuda a realzar el color del cabello claroLibre de parabenos, sulfatos y colorantesProbado por dermatólogos",47.5,Niños y Bebés,https://www.metro.pe/shampoo-para-beb-johnson-s-baby-original-1l-753913001/p,25,True
Twopack Toallitas Húmedas Zeukid Baby Care 100un,Contiene 2 paquetes de 100 unidades cada unaToallitas húmedas sin aromaExtra suavesCon aloe vera y vitamina E,14.9,Niños y Bebés,https://www.metro.pe/twopack-toallitas-humedas-zeukid-baby-care-100un-981466/p,43,True
Pañales para Playa y Piscina Huggies Little Swimmers M 11un,Cantidad: 11 unidadesTalla: MDiseñados especialmente para usar en el aguaAjuste perfectoNo se inflanDermatológicamente comprobadoIdeal para bebés de 9 a 12.5 kilos,22.9,Niños y Bebés,https://www.metro.pe/panales-para-playa-y-piscina-huggies-little-swimmers-m-11un/p,22,True
Pañales para Bebé Babysec Super Premium Talla G 66un,Cantidad: 66 unidadesTalla: GHasta 12 horas de protecciónCubierta tipo tela extra suaveCintura súper altaCentro súper absorbenteIdeal para bebés de 8.5 a 12 kilos,59.9,Niños y Bebés,https://www.metro.pe/panales-para-bebe-babysec-super-premium-talla-g-66un-1017372/p,32,True
Pañales para Bebé Huggies Dermacare Talla P 68un,Cantidad: 68 unidadesTalla: PUltra suave y respirable con cubierta ultradelgadaCon vitamina E que ayuda a prevenir irritacionesProducto sin fragancias ni parabenos. Dermatologicamente probadoPara bebés de 3.5 a 6 kilos,52.9,Niños y Bebés,https://www.metro.pe/panales-para-bebe-huggies-dermacare-talla-p-68un-1016311/p,3,True
Twopack Toallitas Húmedas Pequeñín Aloe Vera 100un,Contiene 2 paquetes de 100 toallitas cada unoToallitas húmedasHipoalergénicasCon aloe que humecta la pielAcabado súper acolchadoLibre de alcohol y parabenos,24.5,Niños y Bebés,https://www.metro.pe/twopack-toallitas-humedas-pequenin-aloe-vera-100un-958294/p,24,True
Pants para Bebé Pampers Premium Care Talla XG 52un,Cantidad: 52 unidadesTalla: XGFácil de cambiar: para retirar solo debe rasgar los laterales del pañalLoción Hipoalergénica: ayuda a prevenir irritacionesHasta 12h* de protección para noches enteras de sueño sequito.,76.9,Niños y Bebés,https://www.metro.pe/pants-para-bebe-pampers-premium-care-talla-xg-52un-978857/p,29,True
Toallitas Húmedas Huggies Limpieza Diaria 112un,Contiene 112 unidadesToallitas húmedas sin fraganciaEnriquecidas con fibras de origen naturalSuavidad excepcional similar al algodónLimpieza suave y efectiva sin alterar el equilibrio natural de la piel,7.9,Niños y Bebés,https://www.metro.pe/toallitas-humedas-huggies-limpieza-diaria-112un-1024567/p,45,True
Pañales para Bebé Huggies Natural Care Talla Talla XG 60un,Cantidad: 60 pañalesTalla: XGTecnología Xtra-CareElaborado con fibras naturalesCon canales suaves respirablesIdeal para bebés de 12 a 15 kilos,59.9,Niños y Bebés,https://www.metro.pe/panales-para-bebe-huggies-natural-care-talla-talla-xg-60un-950914002/p,7,True
Pañales Huggies GoodNites Unisex Talla M 14un,"Cantidad: 14 unidadesTalla: MPañal para dormirMáxima absorción, evitando filtracionesPara niños entre 4 y 11 años",38.5,Niños y Bebés,https://www.metro.pe/panales-huggies-goodnites-unisex-talla-m-14un/p,4,True
Tripack Toallitas Húmedas Babysec Super Premium 40un,Contiene 3 paquetes de 40 toallitas cada unoToallitas húmedas de tela flexibleCon la suavidad de Elite,19.9,Niños y Bebés,https://www.metro.pe/tripack-toallitas-humedas-babysec-super-premium-40un-1014108/p,11,True
Pañales Bambo Nature Talla XL 44un,"Cantidad: 44 unidadesTalla: XLDiseño unisexIdeal para bebés de 12 a 18 kilosSin parabenos, perfumes, lociones ni preservantes",69.9,Niños y Bebés,https://www.metro.pe/panales-bambo-nature-talla-xl-44un/p,21,True
Pañales para Bebé Babysec Premium Talla XG 72un,Cantidad: 72 unidadesTalla: XGCubierta tipo tela suaveBarreras más altas con mejor absorciónGel ultra absorbenteCintura elástica / Cintas reajustables con pega pegaIdeal para bebés de 11 a 14 kilos,57.9,Niños y Bebés,https://www.metro.pe/panales-para-bebe-babysec-premium-talla-xg-72un-932694001/p,32,True
Pañal para Bebé Huggies Natural Care Talla M 60un,Cantidad: 60 unidadesTalla: MTecnología Xtra-careAjuste elasticadoCon materiales extra suavesContiene fibras naturalesIdeal para bebés de 5.5 kilos a 9.5 kilos,53.2,Niños y Bebés,https://www.metro.pe/panal-para-bebe-huggies-natural-care-talla-m-60un-795555/p,8,True
Pañales Huggies Primeros Días Talla P 50un,Corte umbilicalIndicador de humedadCintura y orejas elastizadas,35.7,Niños y Bebés,https://www.metro.pe/panales-huggies-primeros-dias-talla-p-50un/p,35,True
Shampoo 2 en 1 Tío Nachito 400ml,"Contiene 400 mlShampoo 2 en 1: Cuerpo y cabelloCuida, aclara y fortalece el cabelloSin lágrimasIncluye juguete burbujero",29.9,Niños y Bebés,https://www.metro.pe/shampoo-2-en-1-t-o-nachito-400ml-1024831/p,39,True
Pants para Bebé Pampers Premium Care Talla XXG 90un,Cantidad: 90 unidadesTalla: XXGFácil de cambiarFácil de ponerCintura elástica 360°,129.9,Niños y Bebés,https://www.metro.pe/pants-para-bebe-pampers-premium-care-talla-xxg-90un-1013965/p,7,True
Pants para Bebé Huggies Pants Natural Care Talla XGG 34un,Pañal absorbente desechableSuavidadAbsorción?,47.9,Niños y Bebés,https://www.metro.pe/pants-para-bebe-huggies-pants-natural-care-talla-xgg-34un-1001126/p,47,True
Pañales para Bebé Pampers Premium Care Talla XG 68un,Cantidad: 68 unidadesTalla: XGPañales para bebéUltra respirableAjuste cómodo y flexibleAyuda a prevenir irritacionesHipoalergénicoIdeal para bebés de 11 a 15 kilos,89.9,Niños y Bebés,https://www.metro.pe/panales-para-bebe-pampers-premium-care-talla-xg-68un-755987/p,1,True
Jabón de Glicerina Dr Zaidman Baby 80 g,Contiene 80 gJabón base de glicerina Ideal para la delicada piel de los recién nacidos,3.8,Niños y Bebés,https://www.metro.pe/jabon-de-glicerina-dr-zaidman-baby-80-g-2/p,19,True
Compota de Arándano con Quinua Casa Verde 120g,Contiene 120 gramosCompora de arándano con quinuaLibre de glutenSin conservantesRecomendado a partir de los 6 meses,4.99,Niños y Bebés,https://www.metro.pe/compota-de-arandano-con-quinua-casa-verde-120g-1019785/p,44,True
Pañales para Bebé Zeukid Baby Care Talla G 58un,Cantidad: 58 unidadesTalla: GPañales desechables para bebésBarrera alta antifugasCintura elastizadaCubierta tipo tela,36.9,Niños y Bebés,https://www.metro.pe/panales-para-bebe-zeukid-baby-care-talla-g-58un-973199/p,18,True
Pañales para Bebé Huggies Triple Protección Talla XXG 68un,Cantidad: 68 unidadesTalla: XXGPañales con tecnología Xtra-protectProtección durante toda la nocheIdeal para bebés de más de 14 kilos,49.9,Niños y Bebés,https://www.metro.pe/panales-para-bebe-huggies-triple-proteccion-talla-xxg-68un-950915003/p,28,True
Pack x3 Toallitas Húmedas Family Care Disney Paquete 80un,Cantidad: 3 paquetes de 80 unidades cada unoToallitas húmedasPara manos y rostro,15.9,Niños y Bebés,https://www.metro.pe/pack-x3-toallitas-humedas-family-care-disney-paquete-80un-991790/p,11,True
Toallitas Húmedas para Bebés WaterWipes 180un,Contiene 3 paquetes de 60 toallitasElaborado con 99.9% agua y una gota de extracto de frutaMedida (Alt x Anch):  17.8 x 16.8 cmProducto hipoalergénicoLibre de sulfatos,51.9,Niños y Bebés,https://www.metro.pe/toallitas-humedas-para-bebes-waterwipes-180un-2/p,49,True
Arena para Gatos Klinkat 20kg,Contenido de 20 kilosProducto 100% natural e inocuoAlta capacidad de aglomeraciónNeutraliza oloresFácil de limpiar,59.0,Mascotas,https://www.metro.pe/arena-para-gatos-klinkat-20kg-27989/p,9,True
Arena para Gatos Pet's Fun 20 Kg,100% Bentonita NaturalNeutraliza oloresBaja en polvo,34.9,Mascotas,https://www.metro.pe/arena-p-gatos-pet-s-fun-x-20-kg/p,17,True
Arena para Gatos Klin Kat 10kg,Contiene 10 kilosCompletamente naturalControla el olor y la humedad de las excretas de los gatos,31.9,Mascotas,https://www.metro.pe/arena-para-gatos-klin-kat-10kg-27290/p,21,True
Alimento para Perros Adultos Ricocan Mediano Grande Cordero 15kg,Alimento con bienestar integralEtapa del perro: AdultoEdad: A partir de 12 mesesRaza: Mediana / GrandeFórmula: Cordero y cerealesContiene fibras naturales para una digestión sanaEnriquecido con multivitaminas y proteínas para mayor vitalidad,109.9,Mascotas,https://www.metro.pe/alimento-para-perros-adultos-ricocan-mediano-grande-cordero-15kg-752335/p,39,True
Alimento para Gatitos Cat Chow Esterilizado 8 kg,Con probioticos saludableSin colorantes ni sabores artificialesContenido 8 kg,110.9,Mascotas,https://www.metro.pe/cat-chow-esterilizado-x-8kg/p,41,True
Ricocat Alimento para Gatos Adultos Esterilizados Bolsa 9 Kg,Para gatos de 1+ añosDeliciosas croquetas marmoleadas sabor pescadoFórmulas con fibras de origen natural,92.5,Mascotas,https://www.metro.pe/ricocat-alimento-para-gatos-adultos-esterilizados-bolsa-9-kg/p,20,True
Alimento Dog Chow para Perros Adultos Tamaño Mediano 15kg,Indicado para perros adultos medianos y grandesSabor carne y polloContenido Neto: 15 kgContiene probiótico natural que equilibra la flora intestinalCon omega 3 y 6 para un pelaje brillante,157.9,Mascotas,https://www.metro.pe/dog-chow-alimento-para-perros-adultos-raza-mediana-grande-bolsa-15-kg-512612/p,15,True
Ricocan Alimento para Perros Adultos Raza Pequeña Cordero y Cereales Bolsa 15 Kg,Alimento con bienestar integralEtapa del perro: AdultoEdad: A partir de 12 mesesRaza: PequeñaFórmula: Cordero y cerealesContiene fibras naturales para una digestión sanaEnriquecido con multivitaminas y proteínas para mayor vitalidad- ver más,109.9,Mascotas,https://www.metro.pe/ricocan-alimento-para-perros-adultos-raza-pequena-cordero-y-cereales-bolsa-15-kg/p,49,True
Alimento para Gatos Adultos Cat Chow Delimix 8kg,Contiene 8 kilosAlimento 100% balanceadoFórmula: Carne|Pescado|PolloEtapa del gato: AdultoEdad: A partir de los 12 mesesEnriquecido con tres proteínasFortalecimiento Defense Plus,110.9,Mascotas,https://www.metro.pe/cat-chow-delimix-comida-x-8kg-535081/p,12,True
Felix Alimento Húmedo para Gatos Paté de Salmón Lata 156 gr,"- Alimento húmedo 100% completo y balanceado- Fórmula: Paté de salmón- Etapa del gato: Adulto- Edad: A partir de los 12 meses- Enriquecido con proteínas de alta calidad- Combinación de textura, sabor y aroma ideal- ver más",7.0,Mascotas,https://www.metro.pe/felix-alimento-humedo-para-gatos-pate-de-salmon-lata-156-gr/p,32,True
Arena para Gatos Pet's Fun 10 Kg,100% Bentonita NaturalNeutraliza oloresBaja en polvo,19.9,Mascotas,https://www.metro.pe/arena-p-gatos-pet-s-fun-x-10-kg/p,24,True
Ricocat Alimento para Gatos Adultos Festival de Sabores Bolsa 9 Kg,Alimento para el bienestar integralEtapa del gato: AdultoEdad: A partir de 12 mesesRaza: Todas las razasFórmula: Salmón / Atún / Carne / Pollo / TruchaContiene fibras naturales para el control de bolas de pelosEnriquecido con multivitaminas y proteínas para fortalecer las defensas- ver más,92.5,Mascotas,https://www.metro.pe/ricocat-alimento-para-gatos-adultos-festival-de-sabores-bolsa-9-kg/p,10,True
Alimento para Perros Adultos Mimaskot Cordero Medianos y Grandes 15kg,Más Vitalidad y Pelo BrillanteAlimento 100% completo y balanceadoCordero y Cereales,94.9,Mascotas,https://www.metro.pe/alimento-para-perros-adultos-mimaskot-cordero-medianos-y-grandes-15kg-294760/p,17,True
Ricocan Adulto Multi Todas las Razas 15kg,"Tamaño: razas pequeñas, medianas y grandesComida seca premiumEdad: adulto",109.9,Mascotas,https://www.metro.pe/ricocan-adulto-multi-todas-las-razas-15kg/p,45,True
Alimento Húmedo para Gatos Sabor Paté Pescado y Atún Felix 156g,Contiene 156 gramosAlimento húmedo para gatosEtapa: AdultoSabor: Paté de pescado y atúnCompleto y balanceadoCon vitaminas y minerales esencialesPiel y pelaje sanos,7.0,Mascotas,https://www.metro.pe/felix-filetes-pate-pescado-atun-x-156gr-477700/p,36,True
Felix Alimento Húmedo para Gatos Paté de Pavo y Menudencias Lata 156 gr,"- Alimento húmedo 100% completo y balanceado- Fórmula: Paté de pavo y menudencias- Etapa del gato: Adulto- Edad: A partir de los 12 meses- Enriquecido con proteínas de alta calidad- Combinación de textura, sabor y aroma ideal- ver más",7.0,Mascotas,https://www.metro.pe/felix-alimento-humedo-para-gatos-pate-de-pavo-y-menudencias-lata-156-gr/p,26,True
Alimento para Perros Adultos Mimaskot Carnes Medianos y Grandes 15kg,"Tamaño: razas pequeñas, medianas y grandesTipo de alimento: croquetaTipo de animal: perro",94.9,Mascotas,https://www.metro.pe/alimento-para-perros-adultos-mimaskot-carnes-medianos-y-grandes-15kg-294687/p,15,True
Ricocan Alimento para Perros Cachorros Raza Mediana / Grande Carne y Leche Bolsa 15 Kg,Para perros cachorros razas medianas y grandesDeliciosas croquetas marmoleadas sabor carneDesarrollo inicial,109.9,Mascotas,https://www.metro.pe/ricocan-alimento-para-perros-cachorros-raza-mediana-grande-carne-y-leche-bolsa-15-kg/p,14,True
Alimento Seco Dog Chow Cachorro Medianos y Grandes 15Kg,"Contribuye al desarrollo del cerebro y sist. inmuneSabor a Carne, Pollo, Verduras y LecheEquilibra la flora intestinal",158.9,Mascotas,https://www.metro.pe/alimento-seco-dog-chow-cachorro-medianos-y-grandes-15kg-1016213/p,42,True
Ricocan Alimento para Perros Cachorros Raza Pequeña Carne y Leche Bolsa 15 Kg,Alimento para el desarrollo inicialEtapa del perro: CachorroEdad: Hasta 12 mesesRaza: PequeñaFórmula: Carne y lecheContiene DHA para el desarrollo del cerebro y visiónEnriquecido con multivitaminas y proteínas para una formación integral- ver más,109.9,Mascotas,https://www.metro.pe/ricocan-alimento-para-perros-cachorros-raza-pequena-carne-y-leche-bolsa-15-kg/p,41,True
"Ricocat Alimento para Gatos Adultos Pollo, Sardina y Salmón 9kg",Para gatos de 1+ añosDeliciosas croquetas marmoleadas sabor pescadoFórmulas con fibras de origen natural,92.5,Mascotas,https://www.metro.pe/ricocat-alimento-para-gatos-adultos-pollo-sardina-y-salmon-9kg-752348/p,26,True
Ricocan Alimento para Perros Adultos Edad Avanzada Bolsa 15 Kg,Para perros adulto de todas las razasDeliciosas croquetas marmoleadas sabor carneEdas avanzada 7+ años,109.9,Mascotas,https://www.metro.pe/ricocan-alimento-para-perros-adultos-edad-avanzada-bolsa-15-kg/p,14,True
Alimento Rambala Barf Natural para Perro Pollo Pavo,"Alta digestibilidad, ideal para perros con estómago sensiblesAlto en vitamina B, que refuerza el sistema inmune y nerviosoAlto en vitamina A, que contribuye a la salud ocular y cuidado dérmico",16.9,Mascotas,https://www.metro.pe/alimento-congelado-pollo-pavo-rambala-733109/p,36,True
Alimento Seco Zeus adulto 25kg,"Croquetas de color lentejón naranja, lentejón marrón y hueso  naturalCroquetas de color lentejón naranja, lentejón marrón y hueso  naturalCroquetas de color lentejón naranja, lentejón marrón y hueso  natural",107.9,Mascotas,https://www.metro.pe/alimento-seco-zeus-adulto-25kg-969177/p,16,True
Alimento para Perros Dog Chow Longevidad 8kg,Contiene 8 kilosAlimento para perrosEtapa del perro: Adultos de más de 7 añosTamaño: Todos los tamaños,91.0,Mascotas,https://www.metro.pe/alimento-para-perros-dog-chow-longevidad-8kg-971499/p,35,True
"Ricocat Alimento para Gatos Adultos Carne, Salmón y Leche Bolsa 9 Kg",Alimento con bienestar integralEtapa del gato: AdultoEdad: A partir de 12 mesesRaza: Todas las razasFórmula: Carne / Salmón / LecheContiene fibras naturales para el control de bolas de pelosEnriquecido con multivitaminas y proteínas para fortalecer las defensas- ver más,92.5,Mascotas,https://www.metro.pe/ricocat-alimento-para-gatos-adultos-carne-salmon-y-leche-bolsa-9-kg/p,32,True
Alimento Húmedo para Gatos Fancy Feast Salmón 85g,Contiene 85 gramosAlimento húmedo súper premiumDelicados bocaditos macerados y cocinados a la perfecciónFórmula: Mini filetes de salmónEtapa del gato: AdultoEdad: A partir de los 12 mesesEnriquecido con proteínas de alta calidadSin colorantes artificiales,6.9,Mascotas,https://www.metro.pe/purina-fancy-feast-petits-filetes-salmon-x-24gr-731764/p,24,True
Ricocat Cachorro Carne Pescado Leche 9Kg,Para gatos de 1 a 12 mesesDeliciosas croquetas marmoleadas sabor pescadoDesarrollo inicial,82.9,Mascotas,https://www.metro.pe/ricocat-cachorro-carne-pescado-leche-9kg-733727/p,43,True
Alimento para Gatos Adultos Pescado Bolsa 8 Kg,Alimento 100% balanceadoFórmula: PescadoEtapa del gato: AdultoEdad: A partir de los 12 mesesEnriquecido con Omega 3 / Omega 6Fortalecimiento Defense PlusRación diaria recomendada:ver más,110.9,Mascotas,https://www.metro.pe/cat-chow-blue-adultos-x-8kg-353423/p,44,True
Alimento Seco para Gatos Friskies Sensaciones Marinas 7.5kg,"Contiene 7.5 kilosAlimento seco para gatosEtapa del gato: AdultoSabor: Sensaciones MarinasEnriquecida con atún, salmón y camarónCombinación de vitaminas, minerales y proteínasAyuda a mantener a tu mascota saludable",99.0,Mascotas,https://www.metro.pe/friskies-sensaciones-marinas-7-5-kg/p,39,True
Alimento Rambala Natural Barf Pavo Hipoalergénico,"Ideal para perros que sufren alergias y con piel sensible.Carne magra de Pavo, bajo en grasas, para un adecuado control de peso.Alto en vitamina B, que refuerza el sistema inmune y nervioso.",21.5,Mascotas,https://www.metro.pe/alimento-congelado-pavo-hipo-rambala-733110/p,6,True
Alimento Purina One Esterilizados One Pollo Y Salmon 6kg,Carnes como ingredientes #1Fortalece la flora intestinalGranos integrales,167.5,Mascotas,https://www.metro.pe/one-esterilizados-con-pollo-y-salmon-6kg/p,45,True
Alimento BARF Natural para Perros Rambala Pavo Res,"2 carnes con alto valor proteico que favorecen el desarrollo muscular.Contribuye al aumento de peso de manera saludableAlto en vitamina B, que refuerza el sistema inmune y nervioso",18.9,Mascotas,https://www.metro.pe/alimento-congelado-res-pavo-rambala-733107/p,18,True
Alimento para Perros Adulto Pet's Fun Cereales y Carne 15kg,Contiene 15 kilosAlimento seco para perrosEtapa del perro: AdultoSabor: Cereales y carne,84.9,Mascotas,https://www.metro.pe/alimento-para-perros-adulto-pet-s-fun-cereales-y-carne-15kg-983547/p,27,True
Trozos en Salsa Purina One Gatos Esterilizados Pollo y Salmón 85g,Adultos / Esterilizados: A partir de 1 añoSuperfoods: Alimentos de alta densidad nutricionalIngredientes: Salmón / Quinoa / Camote / LinazaSistema inmune fuerteSin colorantes,7.99,Mascotas,https://www.metro.pe/trozos-en-salsa-purina-one-gatos-esterilizados-pollo-y-salmon-85g/p,17,True
Ricocat Adulto Atún Sardina Trucha 9Kg,"Tamaño: razas pequeñas, medianas y grandesComida seca premiumEdad: adulto",92.5,Mascotas,https://www.metro.pe/ricocat-adulto-atun-sardina-trucha-9kg/p,14,True
Alimento para Perros Mimaskot Adultos Raza Pequeña 15kg,Contiene 15 kilosEdad del perro: AdultoTamaño: Razas pequeñas,94.9,Mascotas,https://www.metro.pe/alimento-para-perros-mimaskot-adultos-raza-pequena-15kg-946851/p,43,True
Carpeta de Adiestramiento Pet's Fun Care 30un.,Cantidad: 30 hojasMaterial absorbenteEvita desechos inesperadosNeutraliza oloresMedidas (Alt x Anch): 60 x 60 cm,21.9,Mascotas,https://www.metro.pe/carpeta-de-adiestramiento-pet-s-fun-care-30un/p,21,True
Galletas Ricocrack Multisabores Adultos 500g,"Contiene 500 gramosGalletas para perrosEtapa del perro: AdultosTipo de raza: Todas las razasSabor: Multisabores (Leche, espinaca, zanahoria, trigo y arroz)Brindan vitalidad y energía",14.0,Mascotas,https://www.metro.pe/galletas-ricocrack-multisabores-adultos-500g-2/p,13,True
Alimento para Perros Adultos Mimaskot Estofado de Carne 15kg,Nueva fórmula que al mezclarse con agua se convierte en un delicioso alimento con sabor a estofado de carnePelo brillante: proteína de res elegida con exigentes estándares de calidadTipo de animal: perro,94.9,Mascotas,https://www.metro.pe/alimento-para-perros-adultos-mimaskot-estofado-de-carne-15kg-537067/p,16,True
Felix Alimento Húmedo para Gatos Filetes de Pescado y Atún en Salsa Lata 156 gr,"- Alimento húmedo 100% completo y balanceado- Fórmula: Filetes de pescado y atún en salsa- Etapa del gato: Adulto- Edad: A partir de los 12 meses- Enriquecido con proteínas de alta calidad- Combinación de textura, sabor y aroma ideal- ver más",7.0,Mascotas,https://www.metro.pe/felix-alimento-humedo-para-gatos-filetes-de-pescado-y-atun-en-salsa-lata-156-gr/p,20,True
Alimento Húmedo para Gatos Fancy Feast Paté de Pescado y Camarón 85g,Contiene 85 gramosAlimento húmedo Super PremiumDelicados bocaditos con textura esponjosaFórmula: Mousse pescado y camarónEtapa del gato: AdultoEdad: A partir de los 12 mesesEnriquecido con proteínas de alta calidad,6.9,Mascotas,https://www.metro.pe/purina-fancy-feast-mouse-pescado-y-camaron-x-24gr-731763/p,42,True
Arena para Gatos Pet's Fun 5 Kg,100% Bentonita NaturalNeutraliza oloresBaja en polvo,11.5,Mascotas,https://www.metro.pe/arena-p-gatos-pet-s-fun-x-5-kg/p,27,True
Alimento Seco Mimaskot Adultos Sabor a Carnes 22 Kg,Alimento para perrosMimaskotCarne,142.9,Mascotas,https://www.metro.pe/alimento-seco-mimaskot-adultos-sabor-a-carnes-22-kg-1018004/p,31,True
Purina One Gatos Esterilizados Carne 85g,"Granos seleccionados, alga y aceite de cocoDigestibilidad elevada, 30% menos heces Con prebiotico natural inulina que fortalece la flora intestinal Croquetas carnosas y crujientesSin colorantes artificialesSabor a carneResultados Visibles en 28 dias Contenido Neto: 85 g",7.99,Mascotas,https://www.metro.pe/purina-one-gatos-esterilizados-carne-85g/p,13,True
Alimento Rambala Natural para Perros Cordero Pavo,"Ideal para iniciar la alimentación BARF, previene las alergias.Alto en vitamina B, que refuerza el sistema inmune y nervioso.Alto en hierro, facilita la recuperación post-operatoria.",21.5,Mascotas,https://www.metro.pe/alimento-congelado-cordero-pavo-rambala-733108/p,10,True
Barritas de Ganado Vacuno Pet's Fun 500g,Contiene 500 gramosBarritas a base de ganado vacunoSin preservantes,19.9,Mascotas,https://www.metro.pe/barritas-de-ganado-vacuno-pet-s-fun-500g-394006/p,43,True
Alimento para Perros Dog Chow Control de Peso 8kg,Contiene 8 kilosAlimento para perrosEtapa del perro: AdultosTamaño: Todos los tamañosIdeal para perros con problemas de peso,91.0,Mascotas,https://www.metro.pe/dog-chow-control-de-peso-adultos-tdm-8kg/p,15,True
Barritas de Ganado Vacuno Pet's Fun 1kg,Contiene 1 kiloBarritas a base de ganado vacunoSin preservantes,36.8,Mascotas,https://www.metro.pe/barritas-de-ganado-vacuno-pet-s-fun-1kg-563808/p,28,True
Fancy Feast Demi Glace Salmón Pouch 85g,"Delicados trozos de carne cortada, sumergidos en abundante salsa deliciosaNo contiene colorantes artificialesAlimento 100% completo y balanceadoPara gatos adultos de todas las razasContenido Neto: 85 g",5.9,Mascotas,https://www.metro.pe/fancy-feast-demi-glace-salmon-pouch-85g/p,6,True
Trocitos en Salsa Cat Chow Esterilizados Pescado Pouch 85g,Contiene 85 gramosTrocitos en salsaSabor: PescadoAdultos: Castrados / EsterilizadosContribuye a un tracto urinario saludableEquilibrio de nutrientes y agua100% Completo y balanceado,5.0,Mascotas,https://www.metro.pe/trocitos-en-salsa-cat-chow-esterilizados-pescado-pouch-85g/p,7,True
Cama Elástica Radost Clasica 10 Pies,"Peso Max: 100 kgMaterial andideslizante, resistencia UVEstructura de metal galvanizado, red de proteccion exterior, poster perimetricos acolchados",391.96,La Juguetería,https://www.metro.pe/cama-elastica-radost-clasica-10-pies-1017138/p,41,True
Cuatrimoto Loko Toys 99035-O Naranja,Edad recomendada: A partir de 3 añosVelocidad máxima: 2 Km/hMarcha delantera y traseraSoporta hasta 50 kilosIncluye: Batería / Cargador,149.9,La Juguetería,https://www.metro.pe/cuatrimoto-loko-toys-99035-o-naranja-1013998/p,39,True
Peluche Animalitos 80cm Surtido,Tiernos y llamativosEl regalo perfectoMedida (Alt): 80 cm* Modelo al azar según stock,19.9,La Juguetería,https://www.metro.pe/peluche-animalitos-80cm-surtido/p,10,True
Set Sorpresa Cookeez Makery Mascota Horneada Surtido,"Edad recomendada: A partir de 5 añosPeluche interactivo perfumanoMezcla los ingredientes, hornea y descubre tu peluche sopresa* Modelo al azar según stock. Incluye solo una unidad.",129.9,La Juguetería,https://www.metro.pe/set-sorpresa-cookeez-makery-mascota-horneada-surtido-1017035/p,15,True
Muñeco Little Live Pets Cerdito,Edad recomendada: A partir de 5 añosCon más de 25 sonidos y reaccionesLlévalo a caminarAliméntaloAcarícialo,99.9,La Juguetería,https://www.metro.pe/muneco-little-live-pets-cerdito-968652/p,7,True
Muñeca Interactiva Cry Babies Stars Babies Surtido,Edad recomendada: A partir de 18 mesesMuñeca interactiva que llora lágrimas de verdad10 sonidos de bebéCálmala con su biberón* Modelo al azar según stock. Incluye solo una unidad.,99.9,La Juguetería,https://www.metro.pe/muneca-interactiva-cry-babies-stars-babies-surtido-1017028/p,19,True
Muñeca Bonnie de Moda 4,Cabello amarrable y decorableSets y estilos de modaMaterial: plástico,4.98,La Juguetería,https://www.metro.pe/muneca-bonnie-de-moda-4-960213/p,4,True
Cuatrimoto Loko Toys Rosado,Edad recomendada: A partir de 3 añosVelocidad máxima: 2 Km/hMarcha delantera y traseraSoporta hasta 50 kilosIncluye: Batería / Cargador,149.9,La Juguetería,https://www.metro.pe/cuatrimoto-loko-toys-rosado-1014000/p,35,True
Camión Transportador Happy Line con 6 Carros,Material: Plástico1 JugadorPerfecto para divertirse,9.98,La Juguetería,https://www.metro.pe/camion-transportador-happy-line-con-6-carros-559090/p,36,True
Cuatrimoto Loko Toys 99035-V Verde,Edad recomendada: A partir de 3 añosVelocidad máxima: 2 Km/hMarcha delantera y traseraSoporta hasta 50 kilosIncluye: Batería / Cargador,149.9,La Juguetería,https://www.metro.pe/cuatrimoto-loko-toys-99035-v-verde-1013999/p,19,True
Set Sorpresa Cookeez Makery Tostaditas Surtido,Edad recomendada: A partir de 5 añosCrea tu peluche mascota perfumadaColoca el pan en la tostadora y descubre tu peluche sopresaColecciona los 12 peluches* Modelo al azar según stock. Incluye solo una unidad.,29.9,La Juguetería,https://www.metro.pe/set-sorpresa-cookeez-makery-tostaditas-surtido-1010245/p,2,True
Bebe con Disfraz Jiangsu Holly Animalitos Glitter 22cm,Tamaño perfecto para que los niños lo abracen y lo quieranEl muñeco bebé está hecho de cuerpo suave y cómodoPerfecto para divertirse disfrazándose,17.9,La Juguetería,https://www.metro.pe/bebe-con-disfraz-jiangsu-holly-animalitos-glitter-22cm-960166/p,18,True
Auto de Juguete Motor Extreme 20cm Surtido,Edad recomendada: A partir de 3 añosMaterial: PlásticoMedidas (Alt x Anch x Prof): 14.5 x 12.5 x 21.5 cm* Modelo al azar según stock,12.9,La Juguetería,https://www.metro.pe/camioneta-a-friccion-20-cm-surtido-559083/p,49,True
Muñeco Sorpresa Magic Mixies Shimmerverse Gema Sorpresa,Edad recomendada: A partir de 5 añosDescubre la gema de la poción efervescenteSigue los 6 pasos mágicos y revela el peluche,79.9,La Juguetería,https://www.metro.pe/muneco-sorpresa-magic-mixies-shimmerverse-gema-sorpresa-1017032/p,8,True
Soft Babies Jiangsu Holly,Tamaño perfecto para que los niños lo abracen y lo quieranEl muñeco bebé está hecho de cuerpo suave y cómodoPerfecto para divertirse disfrazándose,12.9,La Juguetería,https://www.metro.pe/soft-babies-jiangsu-holly-960168/p,3,True
Peluche Animales Jumbo 130cm Surtido,Tiernos y llamativosEl regalo perfectoMedida (Alt): 130cm* Modelo al azar según stock,79.9,La Juguetería,https://www.metro.pe/peluche-animales-jumbo-130cm-surtido/p,48,True
Muñeco Interactivo Little Live Pets My Walking Penguin,Edad recomendada: A partir de 5 añosCon más de 25 sonidos y reaccionesIncluye correa para que lo lleves a pasear,99.9,La Juguetería,https://www.metro.pe/muneco-interactivo-little-live-pets-my-walking-penguin-1017038/p,13,True
Caja Registradora con Accesorios Cash Shopping,Edad recomendada: A partir de 3 añosCaja registradora de juguete con accesoriosMedidas (Alt x Anch x Prof): 11 x 23 x 15 cm,11.98,La Juguetería,https://www.metro.pe/caja-registradora-con-accesorios-cash-shopping/p,31,True
Kit Sorpresa Treasure X Mega Alien Dissection Surtido,"Edad recomendada: A partir de 5 añosDisecciona los órganos del extraterrestre para rescatar a 4 cazadores de tesoros alienígenasDescubre 9 armas alienígenas diferentes, 7 pegatinas y 4 tesoros alienígenasMedida (Alt): 30 cm* Modelo al azar según stock. Incluye solo una unidad.",27.98,La Juguetería,https://www.metro.pe/kit-sorpresa-treasure-x-mega-alien-dissection-surtido-1010248/p,35,True
"Piscina Bestway 40x10"" 1.22x25cm","Material resistenteSoporte acolchadoPerfecto para flotar cómodamente en lagos, piscinas o el mar",14.97,La Juguetería,https://www.metro.pe/piscina-bestway-48-h10-1-22m-h25cm-1016946/p,28,True
Go Kart Radost Blue,Diseño ergonómicoMaterial: PVC|MetalDe fácil uso,139.9,La Juguetería,https://www.metro.pe/go-kart-radost-blue-989480/p,22,True
Alfombra Evaonly 61x61cm 4 Piezas,Edad recomendada: A partir de 3 añosNúmero de piezas: 4Medida (Alt x Anch): 61 x 61 cm,24.95,La Juguetería,https://www.metro.pe/alfombra-evaonly-61x61cm-4-piezas-988950/p,3,True
Plastilina Play Doh Licuadora de Batidos Coloridos,"Moldea frutas, verduras y otros comestibles de jugueteCrea ingredientes de juguete play dohDecora con ingredientes",54.9,La Juguetería,https://www.metro.pe/plastilina-play-doh-licuadora-de-batidos-coloridos-1010393/p,27,True
Triscooter Classic Radost Ruedas con Luz Surtido,Para niñas y niños de hasta 30 kilosRuedas de polipropileno + acero de 18cmCon luces Led* Modelo al azar según stock. Incluye solo una unidad.,39.9,La Juguetería,https://www.metro.pe/triscooter-classic-radost-ruedas-con-luz-surtido-1015386/p,25,True
Plastilinas Play Doh Starters Fábrica de Diversión,"Los pequeños pueden apretar, exprimir y dar forma a lo que imaginenCrea 10 divertidas formasEste set puede ayudar a los niños a explorar la motricidad fina",29.9,La Juguetería,https://www.metro.pe/plastilinas-play-doh-starters-fabrica-de-diversion-1010386/p,38,True
Caja Registradora con Accesorios Metro,Edad recomendada: A partir de 3 añosCaja registradora con accesoriosCon luces y sonidos,23.98,La Juguetería,https://www.metro.pe/caja-registradora-con-accesorios-metro/p,16,True
Muñeca Bonnie Pink Jet Ski Surtido,Cabello amarrable y decorableSets y estilos de modaMaterial: plástico* Modelo al azar según stock. Incluye solo una unidad.,19.9,La Juguetería,https://www.metro.pe/muneca-bonnie-pink-jet-ski-surtido-1010154/p,30,True
Peluche Metrito 30cm,Medida (Alt): 30 cm,19.9,La Juguetería,https://www.metro.pe/peluche-metrito-30cm-2/p,8,True
Muñeca Mother Love Paseo Surtido 20cm,Material: PlásticoDivertidoEdad recomendada: 2+,9.98,La Juguetería,https://www.metro.pe/muneca-mother-love-paseo-surtido-20cm-1009889/p,49,True
Muñeca Bonnie Pink + Auto de Playa Surtido,Cabello amarrable y decorableSets y estilos de modaMaterial: plástico* Modelo al azar según stock. Incluye solo una unidad.,29.9,La Juguetería,https://www.metro.pe/muneca-bonnie-pink-auto-de-playa-surtido-1010160/p,34,True
Peluche Animalitos con Corazón 32cm Surtido,Peluche temáticoMedida (Alt): 32 cm* Modelo al azar según stock. Incluye solo una unidad.,7.98,La Juguetería,https://www.metro.pe/peluche-animalitos-con-coraz-n-32cm-surtido-996803/p,27,True
Set de Peinado Barbie Fábrica de Accesorios,Edad recomendada: A partir de 3 añosNúmero de piezas: 11Set de joyeríaMedidas (Alt x Anch x Prof): 21.5 x 6 x 5 cm,11.98,La Juguetería,https://www.metro.pe/set-de-peinado-barbie-fabrica-de-accesorios/p,13,True
Auto de Juguete Motor Extreme Monster Truck Surtido,Edad recomendada: A partir de 3 añosMaterial: PlásticoMedidas (Alt x Anch x Prof): 8.5 x 8 x 11 cm* Modelo al azar según stock,5.9,La Juguetería,https://www.metro.pe/monster-truck-clasica-surtido-784614/p,3,True
Muñeca L.O.L. Surprise Tweens Core Flora Moon,Muñeca LOL Surprise Tweens Flora MoonIncluye accesorios personalizablesMaterial: Plástico,89.9,La Juguetería,https://www.metro.pe/muneca-l-o-l-surprise-tweens-core-flora-moon-1014744/p,22,True
Carrito de Supermercado con Accesorios Toys to Learn,Edad recomendada: A partir de 3 añosCarrito de supermercado con accesoriosNúmero de accesorios: 6Medidas (Alt x Anch x Prof): 48 x 25.5 x 30.5 cm,9.98,La Juguetería,https://www.metro.pe/carrito-de-supermercado-con-accesorios-toys-to-learn/p,3,True
Masas y Plastilinas Play Doh Pack de Comida Surtido,Crea divertidos alimentos play-dohLos niños pueden usar los utensilios para moldear la masa play-doh2 colores play-doh en 1 lata* Modelo al azar según stock. Incluye solo una unidad.,29.9,La Juguetería,https://www.metro.pe/masas-y-plastilinas-play-doh-pack-de-comida-surtido-1010385/p,14,True
"Juego de Piscina Bestway 48""xh8"" 1.22Mxh20cm",Dimensiones (piscina): 1.22 m x 20 cm (48 in x 8 in)Perfecto para niños a partir de 3 añosCapacidad de agua: 137 L (36 gal)Contenido: 1 piscina. 1 pelota. 1 flotador. parche de reparación. 1 etiqueta de vigilancia del agua,17.97,La Juguetería,https://www.metro.pe/juego-de-piscina-bestway-48-h8-1-22m-h20cm-1016949/p,30,True
Muñeca Mother Love home Surtido 20cm,Material: PlásticoDivertidoEdad recomendada: 2+,9.98,La Juguetería,https://www.metro.pe/muneca-mother-love-home-surtido-20cm-1009890/p,8,True
Lanzador de Agua Fast Shots Aqua Blaster 1013ml Surtido,Capacidad: 1013 mlPistola de aguaMaterial: PlásticoMedida (Alt x Anch x Prof): 23 x 49.5 x 8.5 cm* Modelo al azar según stock,27.96,La Juguetería,https://www.metro.pe/lanzador-de-agua-fast-shots-aqua-blaster-1013ml-surtido/p,34,True
Pista Juguete Arena Retos de Entrada Sorpresa,¡Acepta el reto y crea la colección más espectacular de Hot Wheels!¡Llegó el momento de dominar cualquier pista! Pisa el acelerador!Crea la colección más espectacular de Hot Wheels.,65.9,La Juguetería,https://www.metro.pe/pista-juguete-arena-retos-de-entrada-sorpresa-993459/p,21,True
Auto de Juguete Hot Wheels Auto Experimotors Emoticar Surtido,Edad recomendada: A partir de 3 añosAuto básicos de carreraBase con auto de ciudadCabeza giratoria que muestre emocionesEscala 1:64,9.99,La Juguetería,https://www.metro.pe/auto-de-juguete-hot-wheels-auto-experimotors-emoticar-surtido-31383/p,28,True
Peluche Fugglers Mounstrous Inadaptados Surtido,Edad recomendada: A partir de 4 años* Modelo al azar según stock. Incluye solo una unidad.,21.98,La Juguetería,https://www.metro.pe/peluche-fugglers-mounstrous-inadaptados-surtido-1018665/p,43,True
Muñeca Bebe Jiangsu Holly con Accesorios Comida 33cm,Tamaño perfecto para que los niños lo abracen y lo quieranEl muñeco bebé está hecho de cuerpo suave y cómodoPerfecto para divertirse disfrazándose,29.9,La Juguetería,https://www.metro.pe/muneca-bebe-jiangsu-holly-con-accesorios-comida-33cm-986387/p,34,True
Muñeca L.O.L. Surprise Loves Hello Kitty Tots,Muñeca L.O.L con accesorios de Hello KittyAccesorios y estilos con detallesMaterial: Plástico,44.9,La Juguetería,https://www.metro.pe/muneca-l-o-l-surprise-loves-hello-kitty-tots-1004949/p,34,True
Build Me Up Carro Build Me Up con Bloques 30 Piezas,Carro con bloques de plásticoIncluye 30 bloquesMedidas (Alt x Anch x Prof): 17.5 x 35.5 x 24.5 cmMaterial: PlásticoPeso: 750 gEdad recomendada: de 18 meses en adelante,27.96,La Juguetería,https://www.metro.pe/build-me-up-carro-build-me-up-con-bloques-30-piezas/p,46,True
Peluche Conejo Sorpresa Rainbocorns,3 a 12 añosMaterial: Plástico1 Jugador,39.9,La Juguetería,https://www.metro.pe/peluche-conejo-sorpresa-rainbocorns-1008977/p,8,True
Muñeca con Accesorios Mother Love My Little Animal Gatito 31cm,Edad recomendada: A partir de 2 añosSet de muñeca y gato que pueden beber y mojarMedida muñeca (Alt): 31 cmIncluye 11 accesoriosMaterial: Plástico | Poliéster,19.98,La Juguetería,https://www.metro.pe/muneca-con-accesorios-mother-love-my-little-animal-gatito-31cm/p,28,True
Juego de Mesa Monopoly Clásico,Edad recomendada: A partir de 8 añosNúmero de jugadores: 2 a 6Gana el jugador con más dinero después que uno de los otros jugadores se haya declarado en bancarrota,99.9,La Juguetería,https://www.metro.pe/juego-de-mesa-monopoly-clasico-2/p,37,True
Muñeca Mother Love Drink Surtido and Web + 5 acc,Material: PlásticoDivertidoEdad recomendada: 2+,11.98,La Juguetería,https://www.metro.pe/muneca-mother-love-drink-surtido-and-web-5-acc-1009891/p,2,True
Muñeca Mother Love 31cm Surtido Set Doctor + 6 sonidos,Material: PlásticoDivertidoEdad recomendada: 2+,17.98,La Juguetería,https://www.metro.pe/muneca-mother-love-31cm-surtido-set-doctor-6-sonidos-1009892/p,20,True
Masas y Plastilinas Play-Doh Animales Coloridos,¡Este set de juego de Play-Doh es superdivertido!¡Crea una jirafa gigante y mucho más con 6 grandes cortadores!Los cortadores de animales cuentan con separadores,69.9,La Juguetería,https://www.metro.pe/masas-y-plastilinas-play-doh-animales-coloridos/p,16,True
Muñeca Bonnie Paseo + 2niñas + 2mascotas,Cabello amarrable y decorableSets y estilos de modaMaterial: plástico,23.9,La Juguetería,https://www.metro.pe/muneca-bonnie-paseo-2ninas-2mascotas-984639/p,18,True
Uno Cartas No Mercy,UNO Juego No MercyJuego No MercyUNO Juego de Cartas No Mercy,27.9,La Juguetería,https://www.metro.pe/uno-cartas-no-mercy-1012943/p,12,True
Peluche Gato Sorpresa Rainbocorns,3 a 12 añosMaterial: Plástico1 Jugador,59.9,La Juguetería,https://www.metro.pe/peluche-gato-sorpresa-rainbocorns-1008979/p,18,True
Rompecabezas Disney Surtido,Divertidos rompezabecas temáticosMedidas (Según su orientación): 23.1 x 26.2 cm* Modelo al azar según stock. Incluye solo una unidad. La cantidad de piezas varía dependiendo del modelo,7.99,La Juguetería,https://www.metro.pe/rompecabezas-disney-surtido-997397/p,8,True
Bloques Happy Line 114 Piezas,Material: Plástico1 JugadorEdad Recomendada: 6+,11.96,La Juguetería,https://www.metro.pe/bloques-happy-line-114-piezas-986773/p,29,True
Muñeca Bonnie Veterinaria + Niña + Mascotas,Cabello amarrable y decorableSets y estilos de modaMaterial: plástico,19.9,La Juguetería,https://www.metro.pe/muneca-bonnie-veterinaria-nina-mascotas-984632/p,44,True
Juego de Mesa Pip Games Casa de Juegos 12 en 1,Edad recomendada: A partir de 8 añosNúmero de participantes: A partir de 2Hasta 12 juegosMaterial: Madera maciza,114.95,La Juguetería,https://www.metro.pe/juego-de-mesa-pip-games-casa-de-juegos-12-en-1-2/p,47,True
Lanzador Nerf Elite 2.0 Slash,Lanzador de dardos de espuma nerf que viene con 2 dardos nerf eliteEl lanzador es de tamaño compacto que permite llevarlo a todas partesIncluye 2 dardos nerf elite,5.9,La Juguetería,https://www.metro.pe/lanzador-nerf-elite-2-0-slash-1010353/p,14,True
Ataque de Murciélago Hot Wheels City,Hot Wheels City Ataque de MurciélagoCity Ataque de MurciélagoHot Wheels City Pista de Juguete Ataque de Murciélago,149.9,La Juguetería,https://www.metro.pe/ataque-de-murcielago-hot-wheels-city-1012702/p,31,True
Mochila Kuzler Ligera de Viaje,No aplica para retiro en tienda. Sólo delivery.Porta laptopEspecial para viajesDiseño ligero para caminatas largas,129.0,Tecnología,https://www.metro.pe/mochila-kuzler-ligera-de-viaje-1019182/p,47,True
Bicicleta Radost Aro 20 Girly Licious Bml,"Opción perfecta para los jóvenes ciclistas que buscan aventurasResistente marco de acero, horquilla de suspensión y frenos de alta calidadRendimiento excepcional y una gran durabilidad",189.9,Deportes y Outdoors,https://www.metro.pe/bicicleta-radost-aro-20-girly-licious-bml-1015665/p,3,True
Bicicleta Radost Aro 20 Teenobi Bml,"Opción perfecta para los jóvenes ciclistas que buscan aventurasResistente marco de acero, horquilla de suspensión y frenos de alta calidadRendimiento excepcional y una gran durabilidad",179.9,Deportes y Outdoors,https://www.metro.pe/bicicleta-radost-aro-20-teenobi-bml-1015666/p,15,True
Bicicleta Radost Aro 20 Drifter,"Opción perfecta para los jóvenes ciclistas que buscan aventurasResistente marco de acero, horquilla de suspensión y frenos de alta calidadRendimiento excepcional y una gran durabilidad",179.9,Deportes y Outdoors,https://www.metro.pe/bicicleta-radost-aro-20-drifter-1015667/p,33,True
Bicicleta Radost Aro 16 Nobi,"Opción perfecta para los jóvenes ciclistas que buscan aventurasResistente marco de acero, horquilla de suspensión y frenos de alta calidadRendimiento excepcional y una gran durabilidad",199.95,Deportes y Outdoors,https://www.metro.pe/bicicleta-radost-aro-16-nobi-1015662/p,45,True
Bestway Colchón Inflable 2 Plazas + 2 Almohadas + Inflador,- Tamaño: 2 plazasIncluye:- Colchón inflable de 2 plazas- 2 almohadas- Inflador,59.9,Deportes y Outdoors,https://www.metro.pe/bestway-colchon-inflable-2-plazas-2-almohadas-inflador-567131/p,16,True
Bicicleta Radost MTB Aro 26 Racer,"Opción perfecta para los jóvenes ciclistas que buscan aventurasResistente marco de acero, horquilla de suspensión y frenos de alta calidadRendimiento excepcional y una gran durabilidad",349.95,Deportes y Outdoors,https://www.metro.pe/bicicleta-radost-mtb-aro-26-racer-1015670/p,28,True
Tallarín Flotador Radost Surtido,Medidas: 6x150x1.8 cmMaterial: PVCDe fácil uso* Modelo al azar según stock. Incluye solo una unidad.,5.9,Deportes y Outdoors,https://www.metro.pe/tallarin-flotador-radost-surtido-989459/p,27,True
Mesa Rectangular Alpes Plegable Blanca 180cm,Dimensiones: 180x74x74cmMaterial: MetalResistencia: 110kg,147.6,Deportes y Outdoors,https://www.metro.pe/mesa-rectangular-alpes-plegable-blanca-180cm-999223/p,22,True
Carpa Alpes 4 Personas Dome Galapagos 210x210x130cm Rojo,Resistente al agua 400mmDimensiones: 210x210x130cmBolsillo interior,63.6,Deportes y Outdoors,https://www.metro.pe/carpa-alpes-4-personas-dome-galapagos-210-210-130cm-rojo-1016614/p,34,True
Carpa Alpes 2 Personas Dome Galapagos 200x120x95cm Azul,Resistente al agua 400mmDimensiones: 200x120x90cmBolsillo interior,39.96,Deportes y Outdoors,https://www.metro.pe/carpa-alpes-2-personas-dome-galapagos-200-120-95cm-azul-1016610/p,42,True
Flotador Bestway Baby Care Seat 74x74x59cm Surtido,Válvulas de seguridadVinilo resistente probadoQuitasol desmontable* Modelo al azar según stock. Incluye solo una unidad.,20.0,Deportes y Outdoors,https://www.metro.pe/flotador-bestway-baby-care-seat-74x74x59cm-surtido-566811/p,1,True
Quitasol Outzen 2mt Caño Azul,Dimensiones: 2mtMaterial: PoliésterComodidad y diseño ergonómico,20.97,Deportes y Outdoors,https://www.metro.pe/quitasol-outzen-2mt-ca-o-azul-1014347/p,17,True
Piscina Bestway Fill 'N Fun Pool,Dimensiones: 152x152x25 cmLa pared lateral de PVC rígido de alta resistencia se adhiere a la base de vinilo resistente para evitar dañosInstalación fácil y rápida Capacidad de agua: 435 L (115 gal.),28.0,Deportes y Outdoors,https://www.metro.pe/piscina-bestway-fill-n-fun-pool-566825/p,18,True
Bicicleta Radost Aro 12 Drifter,"Opción perfecta para los jóvenes ciclistas que buscan aventurasResistente marco de acero, horquilla de suspensión y frenos de alta calidadRendimiento excepcional y una gran durabilidad",149.9,Deportes y Outdoors,https://www.metro.pe/bicicleta-radost-aro-12-drifter-1015658/p,45,True
Bicicleta Radost Cru Aro 26 Trilogy Bml,"Opción perfecta para los jóvenes ciclistas que buscan aventurasResistente marco de acero, horquilla de suspensión y frenos de alta calidadRendimiento excepcional y una gran durabilidad",349.95,Deportes y Outdoors,https://www.metro.pe/bicicleta-radost-cru-aro-26-trilogy-bml-1015669/p,44,True
Mesa Rectangular Alpes Plegable Blanca 120cm,Dimensiones: 120x60x54/74/90cmMaterial: MetalResistencia: 70kg,99.6,Deportes y Outdoors,https://www.metro.pe/mesa-rectangular-alpes-plegable-blanca-120cm-999221/p,36,True
Flotador Bestway Llama 1.29x1.10m,"No aplica para retiro en tienda. Sólo delivery.Con 2 asas resistentes para flotar de forma seguraFácil de inflar, desinflar y almacenarMaterial en PVCMedidas (Alt x Anch x Prof): 104 x 80 x 132 cmIncluye: Parche de reparación",9.9,Deportes y Outdoors,https://www.metro.pe/flotador-bestway-llama-1-29x1-10m-934222/p,44,True
Gazebo Krea Polyester 3x4mt Verde Blanco,Ideal para decorar tu hogarMaterial: PoliésterUso Exterior,139.9,Deportes y Outdoors,https://www.metro.pe/gazebo-krea-polyester-3x4mt-verde-blanco-912615/p,47,True
Bicicleta Radost 16 Drifter,"Opción perfecta para los jóvenes ciclistas que buscan aventurasResistente marco de acero, horquilla de suspensión y frenos de alta calidadRendimiento excepcional y una gran durabilidad",199.95,Deportes y Outdoors,https://www.metro.pe/bicicleta-radost-16-drifter-1015663/p,28,True
Bicicleta Radost Aro 12 Nobi Bls,"Opción perfecta para los jóvenes ciclistas que buscan aventurasResistente marco de acero, horquilla de suspensión y frenos de alta calidadRendimiento excepcional y una gran durabilidad",149.9,Deportes y Outdoors,https://www.metro.pe/bicicleta-radost-aro-12-nobi-bls-1015657/p,26,True
Parrilla a Carbón Barrel Small Beef Maker,Con 2 posiciones para grillMedidas (Alt x Anch x Prof): 76 x 50 x 30 cmÁrea de cocción: 50 x 30 cm,59.9,Deportes y Outdoors,https://www.metro.pe/parrilla-a-carbon-barrel-small-beef-maker/p,26,True
Parrilla Carbón Krea Carbón con Tapa Oklahoma,Parrilla de alta calidadDe CarbónMaterial: Acero Inoxidable,349.9,Deportes y Outdoors,https://www.metro.pe/parrilla-carbon-krea-carbon-con-tapa-oklahoma-1009047/p,46,True
Pelota de Basket Spalding Tf-150 Sz7,Para juegos en loza y exteriores.Superficie de goma resistente y grip estándar.Ideal para iniciar en el deporte.,69.9,Deportes y Outdoors,https://www.metro.pe/pelota-de-basket-spalding-tf-150-sz7-1014244/p,30,True
Colchón Inflable Bestway 188x99x22cm,Sistema de hinchado AircinchSistema que infla el colchón en 50 segundosIdeal para el uso en interiores y exterioresIncluye: Colchón | Bolsa de aire | Parche de reparaciónMedidas: 188 x 99 x 22 cm,39.9,Deportes y Outdoors,https://www.metro.pe/colch-n-inflable-bestway-188x99x22cm-992600/p,38,True
Bicicleta Radost Cru Aro 26 Lady Cruiser Bml,"Opción perfecta para los jóvenes ciclistas que buscan aventurasResistente marco de acero, horquilla de suspensión y frenos de alta calidadRendimiento excepcional y una gran durabilidad",319.9,Deportes y Outdoors,https://www.metro.pe/bicicleta-radost-cru-aro-26-lady-cruiser-bml-1015668/p,48,True
Bicicleta Radost Aro 12 Nobi,"Opción perfecta para los jóvenes ciclistas que buscan aventurasResistente marco de acero, horquilla de suspensión y frenos de alta calidadRendimiento excepcional y una gran durabilidad",149.9,Deportes y Outdoors,https://www.metro.pe/bicicleta-radost-aro-12-nobi-1015659/p,38,True
Bicicleta Radost MTB Aro 29 Aluminio Sx,"Opción perfecta para los jóvenes ciclistas que buscan aventurasResistente marco de acero, horquilla de suspensión y frenos de alta calidadRendimiento excepcional y una gran durabilidad",429.9,Deportes y Outdoors,https://www.metro.pe/bicicleta-radost-mtb-aro-29-aluminio-s-1015674/p,31,True
Sombrilla Playa Outzen 2mt Antivientoblanco,Sombrilla para la playaResistenteMaterial: PVC,56.7,Deportes y Outdoors,https://www.metro.pe/sombrilla-playa-outzen-2mt-antivientoblanco-1014341/p,17,True
"Flotador Bestway Aro 20"" 51cm","Material resistenteSoporte acolchadoPerfecto para flotar cómodamente en lagos, piscinas o el mar",2.97,Deportes y Outdoors,https://www.metro.pe/flotador-bestway-aro-20-51cm-1016935/p,44,True
Mesa Ajustable Alpes Blanca 42.5 a 71cm,Dimensiones: 77.5x50x43.5cmMaterial: MetalResistencia: 50kg,59.6,Deportes y Outdoors,https://www.metro.pe/mesa-ajustable-alpes-blanca-42-5-a-71cm-999222/p,31,True
Maleta Krea Básica 19 Negro,Maleta semirígidaApta para cabinaBolsillo InteriorCon 8 ruedas de 360°Resiste 12 KgAsa de 4 nivelesDimensiones: 34 x 23 x 55 cmMaterial Exterior: 90% Poliéster + 5% Plástico+ 5% AleaciónMaterial Interior: 100% Poliéster,78.6,Deportes y Outdoors,https://www.metro.pe/maleta-krea-b-sica-19-negro-762852/p,33,True
Parrilla Beek Maker Carbon Portatil + Utensilios,Fácil instalaciónPráctica y cómodaMaterial: Hierro|Madera|Plástico,59.6,Deportes y Outdoors,https://www.metro.pe/parrilla-beek-maker-carbon-portatil-utensilios/p,38,True
Quitasol Outzen Playa 2M Uv+50 Amarillo Blanco,Material: PoliésterQuitasol PlayaResistente,26.97,Deportes y Outdoors,https://www.metro.pe/quitasol-outzen-playa-2m-uv-50-amarillo-blanco-1014346/p,7,True
Carpa Alpes 2 Personas Dome Galapagos 200x120x95cm Rojo,Resistente al agua 400mmDimensiones: 200x120x90cmBolsillo interior,39.96,Deportes y Outdoors,https://www.metro.pe/carpa-alpes-2-personas-dome-galapagos-200-120-95cm-rojo-1016612/p,9,True
Carbón Vegetal Beef Maker 5kg,Contiene 5 kilosCarbón vegetal,33.9,Deportes y Outdoors,https://www.metro.pe/carbon-vegetal-beef-maker-5kg/p,19,True
Piscina Bestway Scrub-a-Dub Baby 86x86x25 cm,Dimensiones: 86 cm x 86 cm x 25 cmPerfecto para las edades: 0-2 Promueve el aprendizaje sensorialContenido: 1 bañera. 1 parche de reparación,28.0,Deportes y Outdoors,https://www.metro.pe/piscina-bestway-scrub-a-dub-baby-86x86x25-cm-566797/p,10,True
Pelota de Playa Bestway con Diseño 51cm,"Material resistenteSoporte acolchadoPerfecto para flotar cómodamente en lagos, piscinas o el mar",2.97,Deportes y Outdoors,https://www.metro.pe/pelota-de-playa-bestway-con-dise-o-51cm-566804/p,8,True
Flotador Inflable Bestway Aro 56cm Disney Princess,Ideal para que los pequeños disfruten de la piscinaMaterial: PVCMedidas (Diám): 56 cm,4.5,Deportes y Outdoors,https://www.metro.pe/flotador-inflable-bestway-aro-56cm-disney-princess/p,35,True
Set Mancuernas Radost de Neopreno 12kg,"Incluye. 6 pesas y el rackIdeal para combinar distintos pesos mientras progresas.Pesas: 2/1kg, 2/ 2kg, 2/3kg.",149.95,Deportes y Outdoors,https://www.metro.pe/set-mancuernas-radost-de-neopreno-12kg-1017144/p,28,True
Silla Playa Outzen Sand Alu Blanco,Portátil y ligeraMaterial: AluminioDiseño Ergonómico y ajustable,50.7,Deportes y Outdoors,https://www.metro.pe/silla-playa-outzen-sand-alu-blanco-1014362/p,43,True
"Flotador Bestway Tiburon 6x40"" 1.83mx1.02m","Material resistenteSoporte acolchadoPerfecto para flotar cómodamente en lagos, piscinas o el mar",20.97,Deportes y Outdoors,https://www.metro.pe/flotador-bestway-tiburon-6-40-1-83m-1-02m-1016955/p,8,True
Maleta Krea Promocional 18kg Negro,Asa ajustable2 ruedasCierre dobleMedida (Alt x Anch x Prof): 40 x 20 x 65 cmMaterial: Exterior: 90% Poliéster + 5% Plástico + 5% Aleación / Interior: 100% PoliésterCapacidad de carga: 18 kilosPaís de Origen: China,50.97,Deportes y Outdoors,https://www.metro.pe/maleta-krea-promocional-18kg-negro/p,24,True
Bicicleta Radost MTB Aro 27.5 Aluminio Sx,"Opción perfecta para los jóvenes ciclistas que buscan aventurasResistente marco de acero, horquilla de suspensión y frenos de alta calidadRendimiento excepcional y una gran durabilidad",449.9,Deportes y Outdoors,https://www.metro.pe/bicicleta-radost-mtb-aro-27-5-aluminio-s-1015673/p,47,True
Quitasol Outzen Playa 2M Uv+50 Azul Pv251,Material: PoliésterQuitasol PlayaResistente,26.97,Deportes y Outdoors,https://www.metro.pe/quitasol-outzen-playa-2m-uv-50-azul-pv251-1014344/p,33,True
Quitasol Outzen 1.6mt Básico Surtido 5 Colores,Material: PoliésterQuitasol PlayaResistente,14.97,Deportes y Outdoors,https://www.metro.pe/quitasol-outzen-1-6mt-basico-surtido-5-colores-1014353/p,27,True
Silla Arena Outzen 2.0 Azul,Portátil y ligeraMaterial: AluminioDiseño Ergonómico y ajustable,20.97,Deportes y Outdoors,https://www.metro.pe/silla-arena-outzen-2-0-azul-1014368/p,35,True
Parrilla a Carbón Kettle Rojo Beef Maker,Retiene el calor por más tiempo lo que permite darle un sabor ahumado a los alimentosMedidas (Alt x Anch x Prof): 71 x 46 x 44 cmÁrea de cocción: 41 cm,79.9,Deportes y Outdoors,https://www.metro.pe/parrilla-a-carbon-kettle-rojo-beef-maker/p,30,True
Parrilla Carbón Krea Carbón Circular 4 Niveles,Parrilla de alta calidadDe CarbónMaterial: Acero Inoxidable,87.6,Deportes y Outdoors,https://www.metro.pe/parrilla-carbon-krea-carbon-circular-4-niveles-1009045/p,8,True
Parrilla a Carbón Portátil Negro Beef Maker,Su diseño permite una cocción rápida y uniformeMedidas (Alt x Anch x Prof):  42 x 30 x 30.5 cmÁrea de cocción: 30  cm,49.9,Deportes y Outdoors,https://www.metro.pe/parrilla-a-carbon-portatil-negro-beef-maker/p,12,True
Flotador Inflable Bestway Aro 61cm Cisne Glitter Surtido,"Dimensiones del Flamenco: 61 cm x 61 cm |Dimensiones del Cisne: 61 cm x 58.5 cmLleno de purpurina que brilla a la luz del solFácil de inflar, desinflar y almacenar",12.0,Deportes y Outdoors,https://www.metro.pe/flotador-inflable-bestway-aro-61cm-cisne-glitter-surtido-957766/p,48,True
Cooler Igloo Picnic Retro Verde 25Qt,Bisagras duraderas y resistentes a los impactosCon tapaAsas laterales para una mejor comodidad,259.0,Deportes y Outdoors,https://www.metro.pe/cooler-igloo-picnic-retro-verde-25qt-1000196/p,14,True
Silla Plegable Alpes Blanca 50x44x81cm,Dimensiones: 50x44x81cmMaterial: MetalResistencia: 120kg,43.6,Deportes y Outdoors,https://www.metro.pe/silla-plegable-alpes-blanca-50-44-81cm-999224/p,22,True
Carbón Vegetal Beef Maker 3kg,Contiene 3 kilosCarbón vegetal,25.9,Deportes y Outdoors,https://www.metro.pe/carbon-vegetal-beef-maker-3kg/p,12,True
Bestway Colchón Inflable 1 Plaza + Almohada + Inflador,- Tamaño: 1 plazaIncluye:- Colchón inflable de 1 plaza- 1 almohada- Inflador,49.9,Deportes y Outdoors,https://www.metro.pe/bestway-colchon-inflable-1-plaza-almohada-inflador-567132/p,7,True
Sombrilla 180cm Outzen Blanca,- Material: Poliéster / Acero - Factor de Protección Ultravioleta: +50 - No incluye servicio de armado - Medidas armado (Alt x Anch x Prof): 180 x 150 x 150 cm ,23.97,Deportes y Outdoors,https://www.metro.pe/sombrilla-180cm-outzen-blanca-2/p,27,True
Quitasol Outzen 2mt Caño Calipso,Dimensiones: 2mtMaterial: PoliésterComodidad y diseño ergonómico,20.97,Deportes y Outdoors,https://www.metro.pe/quitasol-outzen-2mt-ca-o-calipso-1014350/p,32,True
Flotador Inflable para Brazos Bestway Disney Princess,Edad recomendada: De 5 a 12 añosFlotador inflableMaterial: PVC,4.5,Deportes y Outdoors,https://www.metro.pe/flotador-inflable-para-brazos-bestway-disney-princess/p,7,True
Piscina para Niños Bestway Fresita 160cm,No aplica para retiro en tienda. Sólo delivery.Capacidad de 390 litrosHermoso diseño gráfico de postre heladoParedes compuestas por 3 anillos igualesMaterial en PVCMedidas (Alt x Anch x Prof): 38 x 160 x 160 cmIncluye: Parche de reparación,49.9,Deportes y Outdoors,https://www.metro.pe/piscina-para-ninos-bestway-fresita-160cm-908955/p,32,True
